Date,Price,Open,High,Low,Vol.,Change %
12/29/2024,"2,639.12","2,620.30","2,665.47","2,595.90",,0.73%
12/22/2024,"2,620.00","2,622.24","2,639.40","2,607.97",,-0.03%
12/15/2024,"2,620.77","2,649.10","2,664.83","2,583.49",,-1.04%
12/08/2024,"2,648.39","2,635.52","2,726.31","2,627.47",,0.59%
12/01/2024,"2,632.91","2,653.82","2,657.36","2,613.57",121.32K,-0.78%
11/24/2024,"2,653.55","2,715.10","2,721.43","2,605.29",,-2.18%
11/17/2024,"2,712.55","2,561.59","2,712.91","2,561.59",,5.91%
11/10/2024,"2,561.24","2,684.81","2,686.51","2,536.91",,-4.57%
11/03/2024,"2,683.77","2,734.10","2,750.06","2,643.50",,-1.88%
10/27/2024,"2,735.16","2,734.84","2,790.41","2,724.72",,-0.46%
10/20/2024,"2,747.69","2,721.71","2,758.53","2,708.79",,1.01%
10/13/2024,"2,720.25","2,657.21","2,722.87","2,638.31",,2.42%
10/06/2024,"2,656.00","2,651.20","2,661.55","2,604.15",,0.14%
09/29/2024,"2,652.25","2,658.30","2,673.20","2,624.78",,-0.22%
09/22/2024,"2,657.97","2,621.81","2,685.96","2,613.60",,1.37%
09/15/2024,"2,621.96","2,578.06","2,625.79","2,546.98",,1.76%
09/08/2024,"2,576.50","2,497.32","2,586.18","2,485.60",,3.18%
09/01/2024,"2,497.03","2,502.74","2,529.30","2,471.95",,-0.24%
08/25/2024,"2,503.03","2,511.43","2,529.15","2,493.66",,-0.36%
08/18/2024,"2,512.07","2,508.40","2,532.05","2,470.86",,0.19%
08/11/2024,"2,507.28","2,431.21","2,509.89","2,423.84",,3.14%
08/04/2024,"2,430.93","2,443.27","2,458.80","2,364.40",,-0.51%
07/28/2024,"2,443.29","2,387.20","2,477.72","2,369.77",,2.42%
07/21/2024,"2,385.57","2,400.41","2,432.05","2,353.19",,-0.63%
07/14/2024,"2,400.79","2,409.50","2,483.78","2,393.92",,-0.43%
07/07/2024,"2,411.27","2,391.77","2,424.62","2,349.59",,0.83%
06/30/2024,"2,391.46","2,326.46","2,393.04","2,318.55",,2.83%
06/23/2024,"2,325.71","2,321.60","2,339.79","2,293.70",,0.23%
06/16/2024,"2,320.34","2,332.20","2,368.85","2,306.63",,-0.52%
06/09/2024,"2,332.52","2,296.00","2,341.70","2,287.31",,1.74%
06/02/2024,"2,292.71","2,329.61","2,387.85","2,286.77",,-1.47%
05/26/2024,"2,326.97","2,334.50","2,364.12","2,321.64",,-0.29%
05/19/2024,"2,333.76","2,415.02","2,450.13","2,325.40",,-3.36%
05/12/2024,"2,414.89","2,362.70","2,422.87","2,332.34",,2.32%
05/05/2024,"2,360.14","2,302.50","2,378.45","2,291.79",,2.55%
04/28/2024,"2,301.56","2,337.50","2,346.85","2,277.47",,-1.55%
04/21/2024,"2,337.72","2,388.20","2,388.72","2,291.40",,-2.21%
04/14/2024,"2,390.45","2,343.86","2,417.79","2,324.59",,2.01%
04/07/2024,"2,343.43","2,322.00","2,431.53","2,302.86",,0.60%
03/31/2024,"2,329.50","2,239.59","2,330.34","2,228.54",,4.35%
03/24/2024,"2,232.38","2,165.79","2,235.90","2,163.50",,3.15%
03/17/2024,"2,164.15","2,156.00","2,222.90","2,146.05",,0.40%
03/10/2024,"2,155.54","2,177.71","2,189.04","2,150.59",,-1.01%
03/03/2024,"2,177.51","2,082.09","2,195.20","2,079.45",,4.52%
02/25/2024,"2,083.39","2,034.49","2,088.40","2,024.56",,2.34%
02/18/2024,"2,035.72","2,013.16","2,041.43","2,011.57",,1.12%
02/11/2024,"2,013.10","2,024.53","2,030.05","1,984.30",,-0.55%
02/04/2024,"2,024.16","2,039.91","2,044.65","2,014.40",,-0.71%
01/28/2024,"2,038.59","2,019.40","2,065.42","2,017.38",,1.00%
01/21/2024,"2,018.34","2,029.90","2,037.92","2,010.15",,-0.53%
01/14/2024,"2,029.09","2,048.09","2,059.25","2,001.91",,-0.96%
01/07/2024,"2,048.72","2,044.08","2,062.35","2,013.32",,0.16%
12/31/2023,"2,045.50","2,062.90","2,079.02","2,024.49",,-0.83%
12/24/2023,"2,062.59","2,055.73","2,088.54","2,053.59",,0.47%
12/17/2023,"2,052.98","2,020.09","2,070.65","2,015.99",,1.72%
12/10/2023,"2,018.19","2,003.60","2,047.98","1,973.09",,0.74%
12/03/2023,"2,003.39","2,071.25","2,135.90","1,994.74",,-3.26%
11/26/2023,"2,070.90","2,002.78","2,075.34","2,000.67",,3.44%
11/19/2023,"2,001.97","1,980.39","2,007.52","1,965.20",,1.11%
11/12/2023,"1,980.01","1,937.05","1,993.94","1,931.73",,2.23%
11/05/2023,"1,936.79","1,992.30","1,993.30","1,933.18",,-2.78%
10/29/2023,"1,992.27","2,004.80","2,007.82","1,969.90",,-0.67%
10/22/2023,"2,005.78","1,972.90","2,009.48","1,953.50",,1.25%
10/15/2023,"1,981.04","1,929.30","1,997.27","1,907.65",,2.55%
10/08/2023,"1,931.70","1,832.74","1,933.76","1,832.63",,5.43%
10/01/2023,"1,832.26","1,848.13","1,849.06","1,810.10",,-0.87%
09/24/2023,"1,848.31","1,925.24","1,927.26","1,846.34",,-3.98%
09/17/2023,"1,924.99","1,924.19","1,947.80","1,913.40",,0.07%
09/10/2023,"1,923.57","1,919.16","1,930.94","1,900.95",,0.30%
09/03/2023,"1,917.81","1,940.49","1,946.42","1,914.80",,-1.08%
08/27/2023,"1,938.80","1,916.09","1,953.44","1,912.83",,1.27%
08/20/2023,"1,914.53","1,889.40","1,923.94","1,884.50",,1.39%
08/13/2023,"1,888.19","1,913.67","1,916.55","1,884.50",,-1.31%
08/06/2023,"1,913.32","1,942.59","1,946.81","1,910.94",,-1.46%
07/30/2023,"1,941.62","1,959.49","1,972.44","1,929.40",,-0.90%
07/23/2023,"1,959.20","1,962.09","1,982.24","1,942.61",,-0.05%
07/16/2023,"1,960.23","1,954.90","1,987.59","1,945.82",,0.27%
07/09/2023,"1,954.93","1,925.19","1,963.84","1,912.68",,1.59%
07/02/2023,"1,924.28","1,919.40","1,935.17","1,902.68",,0.25%
06/25/2023,"1,919.57","1,924.30","1,933.48","1,893.01",,-0.09%
06/18/2023,"1,921.36","1,957.99","1,958.93","1,910.24",,-1.84%
06/11/2023,"1,957.36","1,960.25","1,970.74","1,925.30",,-0.17%
06/04/2023,"1,960.60","1,947.59","1,973.09","1,938.14",,0.67%
05/28/2023,"1,947.63","1,944.09","1,983.52","1,932.08",,0.07%
05/21/2023,"1,946.33","1,977.80","1,985.30","1,936.84",,-1.53%
05/14/2023,"1,976.56","2,011.72","2,022.20","1,951.97",,-1.72%
05/07/2023,"2,011.15","2,015.95","2,048.22","2,001.05",,-0.27%
04/30/2023,"2,016.54","1,991.34","2,073.29","1,977.05",,1.35%
04/23/2023,"1,989.65","1,981.34","2,009.51","1,973.74",,0.34%
04/16/2023,"1,982.89","2,001.85","2,015.13","1,969.28",,-1.01%
04/09/2023,"2,003.04","2,008.30","2,048.84","1,981.59",,-0.25%
04/02/2023,"2,008.02","1,970.84","2,032.20","1,949.82",,2.04%
03/26/2023,"1,967.90","1,977.66","1,987.84","1,943.68",,-0.47%
03/19/2023,"1,977.22","1,987.59","2,010.19","1,934.33",,-0.54%
03/12/2023,"1,987.93","1,869.01","1,989.80","1,869.01",,6.43%
03/05/2023,"1,867.83","1,855.35","1,870.28","1,809.40",,0.69%
02/26/2023,"1,854.97","1,812.01","1,856.47","1,804.65",,2.44%
02/19/2023,"1,810.81","1,842.73","1,847.86","1,808.91",,-1.67%
02/12/2023,"1,841.59","1,865.69","1,871.03","1,818.34",,-1.24%
02/05/2023,"1,864.67","1,865.17","1,890.69","1,852.69",,-0.05%
01/29/2023,"1,865.53","1,928.40","1,959.77","1,861.41",,-3.21%
01/22/2023,"1,927.34","1,926.20","1,949.27","1,911.44",,0.04%
01/15/2023,"1,926.57","1,920.39","1,937.72","1,896.56",,0.33%
01/08/2023,"1,920.21","1,865.45","1,922.24","1,864.59",,2.92%
01/01/2023,"1,865.71","1,823.85","1,870.37","1,823.85",,2.26%
12/25/2022,"1,824.40","1,798.57","1,833.39","1,796.16",,1.47%
12/18/2022,"1,797.91","1,793.13","1,824.39","1,783.48",,0.31%
12/11/2022,"1,792.34","1,797.35","1,824.87","1,772.00",,-0.24%
12/04/2022,"1,796.63","1,797.92","1,810.33","1,765.32",,-0.07%
11/27/2022,"1,797.82","1,755.00","1,804.93","1,738.98",,2.37%
11/20/2022,"1,756.14","1,750.82","1,761.58","1,728.25",,0.37%
11/13/2022,"1,749.74","1,771.42","1,786.68","1,747.04",,-1.18%
11/06/2022,"1,770.69","1,681.30","1,773.17","1,664.32",,5.38%
10/30/2022,"1,680.27","1,643.69","1,682.17","1,616.18",,2.35%
10/23/2022,"1,641.76","1,658.19","1,675.12","1,637.39",,-0.90%
10/16/2022,"1,656.66","1,644.09","1,668.69","1,617.21",,0.91%
10/09/2022,"1,641.76","1,696.80","1,700.33","1,639.90",,-3.11%
10/02/2022,"1,694.52","1,661.30","1,729.73","1,659.10",,2.10%
09/25/2022,"1,659.67","1,645.40","1,675.57","1,614.35",,1.01%
09/18/2022,"1,643.09","1,675.44","1,688.15","1,639.59",,-1.90%
09/11/2022,"1,674.94","1,717.05","1,735.37","1,653.85",,-2.40%
09/04/2022,"1,716.05","1,712.99","1,729.94","1,690.90",,0.27%
08/28/2022,"1,711.44","1,736.19","1,745.63","1,688.35",,-1.46%
08/21/2022,"1,736.86","1,747.05","1,765.93","1,727.51",,-0.63%
08/14/2022,"1,747.83","1,802.05","1,802.53","1,745.19",,-2.99%
08/07/2022,"1,801.76","1,773.57","1,807.90","1,770.94",,1.56%
07/31/2022,"1,774.15","1,765.05","1,795.29","1,754.33",,0.51%
07/24/2022,"1,765.22","1,728.15","1,768.17","1,711.46",,2.25%
07/17/2022,"1,726.46","1,707.94","1,739.28","1,680.78",,1.15%
07/10/2022,"1,706.78","1,742.86","1,745.54","1,697.48",,-2.01%
07/03/2022,"1,741.82","1,812.27","1,814.36","1,731.75",,-3.78%
06/26/2022,"1,810.18","1,838.15","1,841.34","1,784.10",,-0.88%
06/19/2022,"1,826.18","1,840.40","1,848.44","1,816.70",,-0.72%
06/12/2022,"1,839.35","1,875.80","1,877.38","1,804.65",,-1.69%
06/05/2022,"1,870.96","1,850.29","1,876.47","1,825.02",,1.09%
05/29/2022,"1,850.77","1,852.19","1,874.30","1,828.28",,-0.11%
05/22/2022,"1,852.73","1,846.53","1,869.99","1,841.14",,0.38%
05/15/2022,"1,845.68","1,811.05","1,849.59","1,786.95",,1.91%
05/08/2022,"1,811.15","1,883.80","1,885.95","1,799.24",,-3.81%
05/01/2022,"1,882.96","1,896.09","1,910.03","1,850.33",,-0.71%
04/24/2022,"1,896.40","1,931.09","1,934.71","1,872.19",,-1.73%
04/17/2022,"1,929.73","1,972.84","1,998.60","1,926.52",,-2.27%
04/10/2022,"1,974.54","1,947.15","1,981.82","1,940.05",,1.47%
04/03/2022,"1,945.85","1,924.94","1,948.46","1,915.24",,1.12%
03/27/2022,"1,924.30","1,958.75","1,959.36","1,890.03",,-1.69%
03/20/2022,"1,957.40","1,922.24","1,966.19","1,910.89",,1.89%
03/13/2022,"1,921.09","1,985.49","1,990.33","1,895.22",,-3.23%
03/06/2022,"1,985.29","1,977.09","2,070.29","1,958.80",,0.86%
02/27/2022,"1,968.45","1,920.86","1,970.80","1,890.59",,4.29%
02/20/2022,"1,887.56","1,900.40","1,974.48","1,879.05",,-0.54%
02/13/2022,"1,897.87","1,861.55","1,902.84","1,844.27",,2.04%
02/06/2022,"1,859.96","1,806.99","1,865.63","1,806.94",,2.90%
01/30/2022,"1,807.49","1,791.19","1,815.44","1,785.03",,0.92%
01/23/2022,"1,791.03","1,834.49","1,853.98","1,779.88",,-2.30%
01/16/2022,"1,833.24","1,817.90","1,848.36","1,805.53",,0.88%
01/09/2022,"1,817.22","1,795.41","1,829.66","1,790.43",,1.20%
01/02/2022,"1,795.63","1,830.14","1,832.06","1,782.63",,-1.79%
12/26/2021,"1,828.39","1,808.19","1,830.58","1,788.94",,1.12%
12/19/2021,"1,808.11","1,799.40","1,812.70","1,784.58",,0.58%
12/12/2021,"1,797.68","1,782.94","1,814.63","1,753.84",,0.85%
12/05/2021,"1,782.51","1,784.79","1,793.60","1,769.43",,-0.07%
11/28/2021,"1,783.74","1,790.05","1,809.38","1,761.68",,-0.45%
11/21/2021,"1,791.81","1,846.74","1,849.49","1,778.44",,-2.86%
11/14/2021,"1,844.60","1,868.15","1,877.40","1,842.98",,-1.04%
11/07/2021,"1,864.04","1,818.44","1,868.73","1,812.08",,2.60%
10/31/2021,"1,816.73","1,783.24","1,818.61","1,758.45",,1.90%
10/24/2021,"1,782.81","1,794.00","1,810.49","1,771.70",,-0.54%
10/17/2021,"1,792.48","1,767.74","1,814.22","1,759.68",,1.43%
10/10/2021,"1,767.26","1,757.34","1,800.91","1,749.68",,0.60%
10/03/2021,"1,756.67","1,762.15","1,781.60","1,745.45",,-0.21%
09/26/2021,"1,760.36","1,751.24","1,764.63","1,721.07",,0.60%
09/19/2021,"1,749.86","1,754.30","1,787.51","1,737.84",,-0.24%
09/12/2021,"1,754.16","1,788.55","1,808.99","1,745.04",,-1.86%
09/05/2021,"1,787.34","1,828.66","1,830.60","1,781.98",,-2.13%
08/29/2021,"1,826.19","1,817.55","1,834.55","1,801.47",,0.52%
08/22/2021,"1,816.67","1,780.55","1,819.38","1,776.03",,2.01%
08/15/2021,"1,780.87","1,778.44","1,795.77","1,770.38",,0.10%
08/08/2021,"1,779.15","1,763.34","1,780.53","1,684.77",,0.93%
08/01/2021,"1,762.69","1,814.34","1,832.10","1,758.33",,-2.81%
07/25/2021,"1,813.58","1,802.65","1,833.05","1,792.60",,0.68%
07/18/2021,"1,801.34","1,811.65","1,825.27","1,790.45",,-0.53%
07/11/2021,"1,810.89","1,807.94","1,833.99","1,791.21",,0.16%
07/04/2021,"1,807.98","1,787.69","1,818.70","1,784.09",,1.19%
06/27/2021,"1,786.79","1,781.24","1,795.40","1,750.11",,0.36%
06/20/2021,"1,780.34","1,764.44","1,795.18","1,764.44",,0.96%
06/13/2021,"1,763.34","1,874.59","1,878.21","1,761.04",,-6.04%
06/06/2021,"1,876.64","1,888.49","1,903.95","1,869.84",,-0.71%
05/30/2021,"1,889.97","1,903.69","1,916.84","1,856.09",,-0.67%
05/23/2021,"1,902.64","1,882.34","1,913.15","1,872.73",,1.19%
05/16/2021,"1,880.30","1,843.84","1,890.18","1,841.24",,2.07%
05/09/2021,"1,842.19","1,833.24","1,845.58","1,808.78",,0.64%
05/02/2021,"1,830.48","1,768.49","1,843.45","1,765.91",,3.50%
04/25/2021,"1,768.59","1,776.34","1,790.43","1,756.19",,-0.48%
04/18/2021,"1,777.18","1,779.50","1,798.29","1,763.18",,0.05%
04/11/2021,"1,776.31","1,743.80","1,784.07","1,723.27",,1.91%
04/04/2021,"1,743.10","1,728.74","1,759.13","1,721.22",,0.82%
03/28/2021,"1,728.84","1,732.15","1,733.40","1,677.93",,-0.18%
03/21/2021,"1,731.97","1,745.74","1,747.18","1,721.23",,-0.73%
03/14/2021,"1,744.74","1,727.74","1,755.59","1,719.05",,1.06%
03/07/2021,"1,726.41","1,702.80","1,739.99","1,676.70",,1.50%
02/28/2021,"1,700.86","1,733.40","1,760.02","1,687.12",,-1.88%
02/21/2021,"1,733.49","1,782.24","1,816.27","1,717.26",,-2.74%
02/14/2021,"1,782.31","1,825.34","1,827.59","1,760.13",,-2.26%
02/07/2021,"1,823.46","1,815.44","1,855.70","1,807.48",,0.65%
01/31/2021,"1,811.62","1,863.05","1,871.84","1,785.15",,-1.87%
01/24/2021,"1,846.09","1,855.75","1,876.03","1,831.29",,-0.35%
01/17/2021,"1,852.55","1,828.94","1,875.45","1,810.46",,1.42%
01/10/2021,"1,826.59","1,849.34","1,864.08","1,817.14",,-1.17%
01/03/2021,"1,848.26","1,906.05","1,959.60","1,828.74",,-2.63%
12/27/2020,"1,898.10","1,885.93","1,901.26","1,869.21",,1.19%
12/20/2020,"1,875.82","1,883.20","1,906.93","1,856.69",,-0.26%
12/13/2020,"1,880.66","1,839.30","1,896.26","1,819.92",,2.26%
12/06/2020,"1,839.03","1,837.99","1,875.79","1,822.99",,0.08%
11/29/2020,"1,837.61","1,789.05","1,848.26","1,764.69",,2.77%
11/22/2020,"1,788.13","1,869.84","1,876.72","1,773.93",,-4.40%
11/15/2020,"1,870.49","1,888.74","1,899.35","1,852.48",,-0.93%
11/08/2020,"1,888.04","1,954.65","1,965.92","1,850.36",,-3.25%
11/01/2020,"1,951.51","1,878.59","1,960.77","1,873.21",,3.92%
10/25/2020,"1,877.95","1,902.34","1,911.34","1,859.67",,-1.20%
10/18/2020,"1,900.79","1,899.94","1,931.41","1,894.54",,0.10%
10/11/2020,"1,898.97","1,930.50","1,933.45","1,882.44",,-1.58%
10/04/2020,"1,929.43","1,902.24","1,930.83","1,873.05",,1.62%
09/27/2020,"1,898.70","1,859.00","1,917.28","1,849.19",,2.08%
09/20/2020,"1,860.05","1,949.55","1,955.75","1,848.45",,-4.60%
09/13/2020,"1,949.69","1,941.05","1,973.63","1,932.99",,0.42%
09/06/2020,"1,941.50","1,931.24","1,966.50","1,906.67",,0.47%
08/30/2020,"1,932.45","1,965.40","1,992.38","1,916.67",,-1.63%
08/23/2020,"1,964.49","1,939.24","1,976.60","1,902.77",,1.29%
08/16/2020,"1,939.40","1,947.04","2,015.45","1,911.65",,-0.22%
08/09/2020,"1,943.76","2,034.19","2,050.01","1,864.30",,-4.47%
08/02/2020,"2,034.62","1,980.98","2,073.41","1,960.40",,3.04%
07/26/2020,"1,974.69","1,899.99","1,981.22","1,899.73",,3.88%
07/19/2020,"1,900.97","1,809.58","1,906.54","1,805.60",,5.09%
07/12/2020,"1,808.90","1,799.01","1,814.79","1,791.46",,0.59%
07/05/2020,"1,798.31","1,776.31","1,818.13","1,770.13",,1.33%
06/28/2020,"1,774.79","1,773.74","1,789.48","1,757.68",,0.24%
06/21/2020,"1,770.62","1,748.78","1,779.61","1,743.27",,1.59%
06/14/2020,"1,742.84","1,732.32","1,745.36","1,704.31",,0.76%
06/07/2020,"1,729.77","1,684.65","1,744.92","1,677.52",,2.64%
05/31/2020,"1,685.23","1,738.05","1,745.26","1,670.74",,-2.38%
05/24/2020,"1,726.30","1,734.61","1,737.71","1,693.82",,-0.45%
05/17/2020,"1,734.07","1,743.01","1,765.94","1,717.10",,-0.40%
05/10/2020,"1,741.00","1,702.65","1,752.13","1,691.59",,2.37%
05/03/2020,"1,700.65","1,699.00","1,723.91","1,682.28",,0.09%
04/26/2020,"1,699.12","1,726.15","1,727.93","1,670.06",,-1.64%
04/19/2020,"1,727.43","1,692.25","1,739.74","1,661.39",,2.57%
04/12/2020,"1,684.19","1,685.69","1,747.85","1,674.87",,-0.28%
04/05/2020,"1,688.90","1,597.50","1,697.50","1,597.50",,4.48%
03/29/2020,"1,616.45","1,622.00","1,639.61","1,565.74",,-0.06%
03/22/2020,"1,617.50","1,508.15","1,647.28","1,485.10",,8.00%
03/15/2020,"1,497.64","1,550.55","1,573.49","1,451.50",,-2.07%
03/08/2020,"1,529.31","1,694.40","1,702.96","1,506.86",,-8.64%
03/01/2020,"1,673.85","1,591.10","1,692.10","1,579.70",,5.62%
02/23/2020,"1,584.74","1,659.05","1,689.11","1,565.86",,-3.56%
02/16/2020,"1,643.32","1,584.70","1,649.15","1,578.60",,3.72%
02/09/2020,"1,584.32","1,570.29","1,585.05","1,561.80",,0.92%
02/02/2020,"1,569.91","1,590.20","1,591.84","1,547.40",,-1.25%
01/26/2020,"1,589.81","1,580.10","1,590.21","1,563.21",,1.24%
01/19/2020,"1,570.36","1,558.65","1,576.01","1,546.41",,0.91%
01/12/2020,"1,556.22","1,562.29","1,562.30","1,536.12",,-0.37%
01/05/2020,"1,562.03","1,561.15","1,611.15","1,540.18",,0.69%
12/29/2019,"1,551.40","1,511.80","1,553.70","1,510.43",,2.71%
12/22/2019,"1,510.42","1,478.20","1,515.47","1,477.51",,2.20%
12/15/2019,"1,477.95","1,475.60","1,481.97","1,470.32",,0.16%
12/08/2019,"1,475.56","1,459.49","1,486.95","1,458.76",,1.10%
12/01/2019,"1,459.51","1,467.03","1,484.55","1,453.91",,-0.30%
11/24/2019,"1,463.90","1,462.29","1,466.81","1,450.63",,0.13%
11/17/2019,"1,462.04","1,467.66","1,479.15","1,456.26",,-0.35%
11/10/2019,"1,467.12","1,458.96","1,474.62","1,445.61",,0.60%
11/03/2019,"1,458.41","1,513.80","1,514.97","1,456.28",,-3.64%
10/27/2019,"1,513.55","1,504.34","1,515.81","1,481.21",,0.61%
10/20/2019,"1,504.33","1,492.02","1,518.07","1,480.87",,0.98%
10/13/2019,"1,489.70","1,488.90","1,498.17","1,477.06",,0.02%
10/06/2019,"1,489.45","1,504.76","1,517.08","1,474.28",,-0.99%
09/29/2019,"1,504.35","1,497.07","1,518.81","1,459.00",,0.52%
09/22/2019,"1,496.56","1,516.66","1,535.85","1,487.04",,-1.33%
09/15/2019,"1,516.75","1,503.34","1,517.24","1,484.36",,1.90%
09/08/2019,"1,488.45","1,507.10","1,523.96","1,484.27",,-1.21%
09/01/2019,"1,506.70","1,520.10","1,557.38","1,502.89",,-0.87%
08/25/2019,"1,519.85","1,539.30","1,555.13","1,517.43",,-0.41%
08/18/2019,"1,526.10","1,511.15","1,530.11","1,491.85",,0.82%
08/11/2019,"1,513.75","1,497.65","1,534.75","1,481.38",,1.13%
08/04/2019,"1,496.84","1,440.65","1,510.28","1,437.03",,3.91%
07/28/2019,"1,440.45","1,419.49","1,448.23","1,400.65",,1.56%
07/21/2019,"1,418.31","1,425.15","1,433.84","1,411.08",,-0.46%
07/14/2019,"1,424.91","1,415.75","1,452.96","1,400.18",,0.67%
07/07/2019,"1,415.49","1,400.05","1,426.21","1,386.35",,1.14%
06/30/2019,"1,399.55","1,392.83","1,436.29","1,381.84",,-0.68%
06/23/2019,"1,409.10","1,401.35","1,438.99","1,400.21",,0.75%
06/16/2019,"1,398.65","1,342.05","1,411.08","1,332.83",,4.27%
06/09/2019,"1,341.33","1,335.94","1,358.40","1,319.74",,0.08%
06/02/2019,"1,340.30","1,307.40","1,348.45","1,306.62",,2.69%
05/26/2019,"1,305.25","1,285.80","1,307.11","1,274.82",,1.60%
05/19/2019,"1,284.65","1,277.80","1,287.62","1,269.34",,0.59%
05/12/2019,"1,277.15","1,286.71","1,303.47","1,274.91",,-0.66%
05/05/2019,"1,285.60","1,281.19","1,291.73","1,276.85",,0.52%
04/28/2019,"1,278.94","1,286.55","1,287.38","1,266.18",,-0.54%
04/21/2019,"1,285.85","1,275.83","1,289.01","1,266.25",,0.85%
04/14/2019,"1,275.01","1,290.60","1,292.08","1,271.07",,-1.16%
04/07/2019,"1,290.00","1,291.80","1,310.96","1,289.66",,-0.10%
03/31/2019,"1,291.30","1,291.48","1,297.23","1,280.91",,-0.05%
03/24/2019,"1,291.90","1,313.35","1,324.57","1,286.77",,-1.62%
03/17/2019,"1,313.13","1,302.34","1,320.62","1,298.19",,0.92%
03/10/2019,"1,301.13","1,298.85","1,311.56","1,290.34",,0.24%
03/03/2019,"1,298.01","1,293.61","1,300.85","1,281.10",,0.36%
02/24/2019,"1,293.31","1,328.89","1,332.80","1,290.24",,-2.59%
02/17/2019,"1,327.71","1,321.41","1,347.11","1,320.60",,0.51%
02/10/2019,"1,321.01","1,314.55","1,322.76","1,302.88",,0.53%
02/03/2019,"1,313.99","1,318.13","1,319.11","1,302.53",,-0.30%
01/27/2019,"1,317.93","1,303.82","1,326.65","1,297.54",,1.13%
01/20/2019,"1,303.14","1,281.64","1,303.78","1,276.58",,1.72%
01/13/2019,"1,281.11","1,287.70","1,296.21","1,280.49",,-0.50%
01/06/2019,"1,287.50","1,286.01","1,297.47","1,279.10",,0.21%
12/30/2018,"1,284.83","1,280.20","1,298.68","1,276.66",,0.32%
12/23/2018,"1,280.67","1,258.65","1,282.34","1,257.96",,1.97%
12/16/2018,"1,255.92","1,237.60","1,266.70","1,235.69",,1.43%
12/09/2018,"1,238.21","1,250.45","1,250.64","1,232.48",,-0.79%
12/02/2018,"1,248.10","1,223.42","1,250.42","1,221.39",,2.14%
11/25/2018,"1,221.97","1,223.99","1,229.05","1,210.74",,-0.10%
11/18/2018,"1,223.19","1,222.44","1,230.82","1,218.20",,0.14%
11/11/2018,"1,221.47","1,209.47","1,225.37","1,195.98",,0.98%
11/04/2018,"1,209.60","1,233.36","1,236.31","1,206.52",,-1.89%
10/28/2018,"1,232.89","1,234.17","1,237.80","1,211.93",,-0.06%
10/21/2018,"1,233.59","1,228.38","1,243.73","1,220.08",,0.59%
10/14/2018,"1,226.32","1,217.51","1,233.72","1,217.47",,0.69%
10/07/2018,"1,217.93","1,203.16","1,226.67","1,183.44",,1.25%
09/30/2018,"1,202.86","1,192.21","1,208.72","1,184.62",,0.90%
09/23/2018,"1,192.09","1,198.59","1,204.51","1,180.74",,-0.62%
09/16/2018,"1,199.55","1,193.24","1,211.47","1,191.97",,0.49%
09/09/2018,"1,193.71","1,195.07","1,213.05","1,187.61",,-0.18%
09/02/2018,"1,195.86","1,200.34","1,207.47","1,189.70",,-0.44%
08/26/2018,"1,201.09","1,206.94","1,214.66","1,196.33",,-0.40%
08/19/2018,"1,205.97","1,183.78","1,208.87","1,182.70",,1.79%
08/12/2018,"1,184.77","1,211.28","1,214.25","1,160.38",,-2.19%
08/05/2018,"1,211.30","1,213.71","1,218.30","1,205.85",,-0.18%
07/29/2018,"1,213.43","1,222.96","1,228.72","1,204.40",,-0.81%
07/22/2018,"1,223.38","1,231.30","1,235.57","1,217.34",,-0.68%
07/15/2018,"1,231.76","1,241.41","1,245.93","1,211.47",,-0.79%
07/08/2018,"1,241.52","1,255.24","1,266.39","1,237.10",,-1.07%
07/01/2018,"1,254.99","1,253.89","1,261.88","1,238.11",,0.16%
06/24/2018,"1,253.00","1,272.41","1,273.29","1,246.07",,-1.28%
06/17/2018,"1,269.28","1,279.55","1,284.85","1,261.63",,-0.83%
06/10/2018,"1,279.84","1,299.61","1,310.14","1,275.85",,-1.46%
06/03/2018,"1,298.75","1,293.51","1,303.83","1,290.13",,0.43%
05/27/2018,"1,293.14","1,298.74","1,306.87","1,289.52",,-0.65%
05/20/2018,"1,301.61","1,290.95","1,308.24","1,282.20",,0.70%
05/13/2018,"1,292.50","1,319.16","1,323.36","1,286.41",,-1.95%
05/06/2018,"1,318.22","1,315.18","1,326.49","1,304.64",,0.24%
04/29/2018,"1,315.05","1,322.80","1,325.33","1,301.91",,-0.59%
04/22/2018,"1,322.80","1,335.71","1,336.29","1,315.96",,-0.92%
04/15/2018,"1,335.12","1,344.61","1,356.14","1,335.07",,-0.77%
04/08/2018,"1,345.46","1,333.22","1,365.68","1,327.06",,0.92%
04/01/2018,"1,333.20","1,326.11","1,348.37","1,321.47",,0.62%
03/25/2018,"1,325.00","1,348.51","1,357.66","1,322.21",,-1.65%
03/18/2018,"1,347.22","1,314.02","1,350.66","1,307.37",,2.53%
03/11/2018,"1,314.00","1,324.31","1,331.02","1,310.31",,-0.73%
03/04/2018,"1,323.70","1,323.75","1,340.49","1,313.05",,0.11%
02/25/2018,"1,322.20","1,327.53","1,340.88","1,302.64",,-0.51%
02/18/2018,"1,328.94","1,347.19","1,351.03","1,320.68",,-1.40%
02/11/2018,"1,347.86","1,315.07","1,361.84","1,314.14",,2.37%
02/04/2018,"1,316.69","1,331.99","1,346.05","1,306.86",,-1.22%
01/28/2018,"1,332.98","1,349.74","1,352.33","1,327.21",,-1.27%
01/21/2018,"1,350.14","1,334.86","1,366.45","1,328.69",,1.38%
01/14/2018,"1,331.80","1,336.94","1,344.82","1,324.09",,-0.49%
01/07/2018,"1,338.40","1,320.02","1,339.40","1,307.97",,1.38%
12/31/2017,"1,320.21","1,302.89","1,326.26","1,302.85",,1.36%
12/24/2017,"1,302.55","1,274.95","1,307.69","1,273.30",,2.16%
12/17/2017,"1,275.01","1,253.80","1,276.38","1,252.70",,1.57%
12/10/2017,"1,255.26","1,247.27","1,261.89","1,236.00",,0.57%
12/03/2017,"1,248.14","1,273.22","1,277.54","1,244.10",,-2.51%
11/26/2017,"1,280.26","1,288.58","1,299.21","1,270.19",,-0.62%
11/19/2017,"1,288.22","1,293.01","1,295.12","1,275.25",,-0.48%
11/12/2017,"1,294.37","1,274.81","1,297.04","1,270.60",,1.43%
11/05/2017,"1,276.14","1,269.52","1,288.41","1,266.08",,0.50%
10/29/2017,"1,269.85","1,273.59","1,284.48","1,265.55",,-0.27%
10/22/2017,"1,273.35","1,277.82","1,284.41","1,264.10",,-0.58%
10/15/2017,"1,280.72","1,303.54","1,306.46","1,276.62",,-1.85%
10/08/2017,"1,304.88","1,275.65","1,304.88","1,275.41",,2.26%
10/01/2017,"1,276.03","1,279.82","1,282.76","1,260.89",,-0.27%
09/24/2017,"1,279.45","1,297.62","1,313.89","1,277.61",,-1.38%
09/17/2017,"1,297.38","1,319.97","1,319.97","1,288.01",,-1.69%
09/10/2017,"1,319.62","1,337.45","1,340.37","1,316.12",,-2.01%
09/03/2017,"1,346.71","1,334.40","1,357.94","1,327.39",,1.64%
08/27/2017,"1,324.97","1,292.18","1,329.20","1,291.90",,2.62%
08/20/2017,"1,291.15","1,283.33","1,294.14","1,278.66",,0.52%
08/13/2017,"1,284.50","1,289.40","1,301.20","1,267.63",,-0.37%
08/06/2017,"1,289.21","1,259.04","1,292.26","1,251.41",,2.43%
07/30/2017,"1,258.60","1,270.41","1,274.72","1,254.75",,-0.84%
07/23/2017,"1,269.25","1,255.78","1,271.34","1,243.91",,1.14%
07/16/2017,"1,254.90","1,228.60","1,256.30","1,228.30",,2.11%
07/09/2017,"1,228.98","1,213.70","1,233.16","1,204.85",,1.33%
07/02/2017,"1,212.90","1,241.46","1,242.83","1,207.25",,-2.31%
06/25/2017,"1,241.60","1,258.03","1,258.44","1,236.86",,-1.22%
06/18/2017,"1,256.90","1,254.00","1,259.31","1,241.25",,0.26%
06/11/2017,"1,253.63","1,267.20","1,279.87","1,251.55",,-1.01%
06/04/2017,"1,266.40","1,279.34","1,296.47","1,264.74",,-1.06%
05/28/2017,"1,279.98","1,267.50","1,279.98","1,259.00",,1.02%
05/21/2017,"1,267.05","1,256.09","1,269.88","1,247.63",,0.92%
05/14/2017,"1,255.55","1,228.40","1,265.54","1,227.20",,2.17%
05/07/2017,"1,228.83","1,225.67","1,237.10","1,214.31",,0.09%
04/30/2017,"1,227.74","1,268.24","1,271.24","1,225.35",,-3.19%
04/23/2017,"1,268.15","1,270.27","1,278.67","1,260.40",,-1.27%
04/16/2017,"1,284.50","1,292.96","1,295.92","1,276.23",,-0.09%
04/09/2017,"1,285.69","1,254.26","1,289.14","1,247.50",,2.52%
04/02/2017,"1,254.05","1,248.40","1,270.96","1,243.85",,0.39%
03/26/2017,"1,249.13","1,248.00","1,261.53","1,240.05",,0.40%
03/19/2017,"1,244.17","1,229.41","1,253.49","1,226.69",,1.22%
03/12/2017,"1,229.15","1,205.68","1,233.88","1,197.54",,2.04%
03/05/2017,"1,204.55","1,232.49","1,236.84","1,194.62",,-2.41%
02/26/2017,"1,234.30","1,257.41","1,263.88","1,222.59",,-1.80%
02/19/2017,"1,256.94","1,235.21","1,260.48","1,226.12",,1.75%
02/12/2017,"1,235.29","1,231.52","1,243.84","1,216.48",,0.09%
02/05/2017,"1,234.12","1,219.67","1,244.78","1,219.01",,1.17%
01/29/2017,"1,219.88","1,192.54","1,225.38","1,187.85",,2.37%
01/22/2017,"1,191.60","1,209.71","1,219.97","1,181.04",,-1.52%
01/15/2017,"1,209.96","1,200.57","1,219.04","1,195.87",,1.03%
01/08/2017,"1,197.66","1,172.93","1,207.38","1,172.18",,2.12%
01/01/2017,"1,172.81","1,150.80","1,184.99","1,145.77",,1.82%
12/25/2016,"1,151.85","1,133.94","1,163.53","1,131.73",,1.62%
12/18/2016,"1,133.49","1,134.35","1,142.70","1,125.62",,-0.05%
12/11/2016,"1,134.09","1,159.02","1,165.86","1,122.45",,-2.05%
12/04/2016,"1,157.87","1,182.84","1,187.83","1,156.17",,-1.62%
11/27/2016,"1,176.92","1,183.08","1,197.58","1,160.42",,-0.57%
11/20/2016,"1,183.63","1,208.46","1,221.81","1,171.96",,-2.07%
11/13/2016,"1,208.69","1,227.89","1,233.45","1,203.90",,-1.39%
11/06/2016,"1,225.68","1,291.61","1,337.50","1,219.50",,-6.02%
10/30/2016,"1,304.25","1,278.41","1,308.26","1,271.29",,2.19%
10/23/2016,"1,276.30","1,266.21","1,284.53","1,260.75",,0.75%
10/16/2016,"1,266.75","1,250.25","1,274.32","1,250.25",,1.30%
10/09/2016,"1,250.55","1,257.58","1,265.46","1,247.51",,-0.51%
10/02/2016,"1,256.97","1,318.22","1,320.09","1,241.68",,-4.48%
09/25/2016,"1,315.96","1,336.82","1,342.21","1,312.83",,-1.62%
09/18/2016,"1,337.61","1,310.99","1,344.04","1,308.60",,2.07%
09/11/2016,"1,310.43","1,328.18","1,332.56","1,306.62",,-1.33%
09/04/2016,"1,328.15","1,324.13","1,353.11","1,322.02",,0.24%
08/28/2016,"1,325.01","1,320.42","1,329.09","1,302.27",,0.28%
08/21/2016,"1,321.33","1,340.56","1,345.18","1,317.94",,-1.52%
08/14/2016,"1,341.78","1,338.19","1,358.57","1,336.07",,0.42%
08/07/2016,"1,336.19","1,335.37","1,357.65","1,330.03",,0.03%
07/31/2016,"1,335.80","1,350.22","1,368.03","1,334.87",,-1.12%
07/24/2016,"1,350.91","1,322.50","1,355.42","1,312.35",,2.16%
07/17/2016,"1,322.38","1,332.79","1,336.28","1,310.93",,-1.16%
07/10/2016,"1,337.85","1,368.71","1,375.11","1,320.22",,-2.12%
07/03/2016,"1,366.80","1,342.60","1,375.31","1,336.08",,1.83%
06/26/2016,"1,342.30","1,326.24","1,344.60","1,305.62",,2.00%
06/19/2016,"1,315.98","1,285.90","1,358.70","1,251.66",,1.34%
06/12/2016,"1,298.60","1,274.04","1,315.93","1,272.68",,1.91%
06/05/2016,"1,274.20","1,242.80","1,278.10","1,234.85",,2.39%
05/29/2016,"1,244.49","1,213.41","1,244.91","1,200.01",,2.65%
05/22/2016,"1,212.40","1,250.91","1,255.86","1,206.70",,-3.19%
05/15/2016,"1,252.30","1,272.49","1,288.59","1,244.38",,-1.67%
05/08/2016,"1,273.60","1,284.95","1,288.00","1,257.65",,-1.17%
05/01/2016,"1,288.70","1,293.71","1,304.00","1,269.26",,-0.39%
04/24/2016,"1,293.74","1,232.09","1,296.49","1,230.09",,4.99%
04/17/2016,"1,232.30","1,234.09","1,270.48","1,227.35",,-0.14%
04/10/2016,"1,234.05","1,239.78","1,262.98","1,223.79",,-0.51%
04/03/2016,"1,240.39","1,219.98","1,243.88","1,214.34",,1.46%
03/27/2016,"1,222.49","1,214.49","1,243.29","1,208.54",,0.49%
03/20/2016,"1,216.47","1,254.62","1,259.97","1,212.58",,-3.09%
03/13/2016,"1,255.30","1,251.32","1,271.61","1,226.41",,0.55%
03/06/2016,"1,248.44","1,259.48","1,282.89","1,237.44",,-0.87%
02/28/2016,"1,259.44","1,222.73","1,279.98","1,217.98",,3.01%
02/21/2016,"1,222.60","1,226.13","1,253.30","1,202.02",,-0.46%
02/14/2016,"1,228.19","1,232.55","1,239.88","1,190.79",,-0.80%
02/07/2016,"1,238.05","1,170.89","1,260.98","1,164.09",,5.48%
01/31/2016,"1,173.69","1,117.90","1,174.90","1,116.26",,4.98%
01/24/2016,"1,118.04","1,097.86","1,128.20","1,097.36",,1.80%
01/17/2016,"1,098.30","1,089.60","1,109.59","1,082.93",,0.84%
01/10/2016,"1,089.10","1,104.17","1,108.49","1,071.38",,-1.37%
01/03/2016,"1,104.24","1,065.36","1,112.40","1,061.90",,4.10%
12/27/2015,"1,060.74","1,076.10","1,077.25","1,058.50",,-1.41%
12/20/2015,"1,075.88","1,065.93","1,081.88","1,063.88",,0.91%
12/13/2015,"1,066.19","1,073.78","1,078.59","1,047.63",,-0.81%
12/06/2015,"1,074.89","1,085.99","1,086.98","1,062.38",,-1.11%
11/29/2015,"1,086.99","1,057.79","1,089.09","1,046.24",,2.66%
11/22/2015,"1,058.81","1,077.01","1,080.91","1,052.86",,-1.79%
11/15/2015,"1,078.10","1,088.14","1,098.29","1,065.34",,-0.51%
11/08/2015,"1,083.64","1,089.94","1,095.88","1,074.64",,-0.46%
11/01/2015,"1,088.64","1,141.47","1,142.99","1,085.29",,-4.70%
10/25/2015,"1,142.38","1,164.42","1,182.88","1,139.48",,-1.88%
10/18/2015,"1,164.26","1,176.24","1,180.70","1,159.16",,-1.10%
10/11/2015,"1,177.20","1,155.61","1,190.93","1,151.46",,1.70%
10/04/2015,"1,157.53","1,137.96","1,160.20","1,129.98",,1.70%
09/27/2015,"1,138.14","1,145.80","1,148.30","1,104.52",,-0.71%
09/20/2015,"1,146.24","1,139.59","1,156.68","1,121.37",,0.60%
09/13/2015,"1,139.40","1,107.80","1,141.90","1,102.91",,2.84%
09/06/2015,"1,107.90","1,123.25","1,126.80","1,098.75",,-1.34%
08/30/2015,"1,123.00","1,133.25","1,147.56","1,117.15",,-0.97%
08/23/2015,"1,133.96","1,162.35","1,167.90","1,117.75",,-2.33%
08/16/2015,"1,161.05","1,114.35","1,168.80","1,109.55",,4.21%
08/09/2015,"1,114.11","1,094.40","1,126.71","1,089.81",,1.82%
08/02/2015,"1,094.20","1,095.26","1,099.90","1,081.00",,-0.13%
07/26/2015,"1,095.65","1,099.40","1,105.15","1,079.75",,-0.31%
07/19/2015,"1,099.10","1,133.70","1,133.70","1,077.75",,-3.09%
07/12/2015,"1,134.10","1,163.40","1,164.70","1,131.20",,-2.57%
07/05/2015,"1,163.96","1,173.20","1,175.10","1,147.15",,-0.34%
06/28/2015,"1,167.94","1,185.06","1,187.41","1,157.35",,-0.61%
06/21/2015,"1,175.07","1,200.35","1,201.24","1,168.74",,-2.12%
06/14/2015,"1,200.51","1,181.75","1,206.25","1,173.27",,1.67%
06/07/2015,"1,180.80","1,169.45","1,192.60","1,169.20",,0.75%
05/31/2015,"1,172.00","1,191.25","1,205.06","1,163.10",,-1.55%
05/24/2015,"1,190.50","1,205.50","1,209.35","1,181.30",,-1.32%
05/17/2015,"1,206.38","1,223.30","1,232.70","1,201.70",,-1.43%
05/10/2015,"1,223.85","1,189.20","1,227.79","1,179.75",,3.00%
05/03/2015,"1,188.15","1,179.00","1,200.10","1,177.93",,0.82%
04/26/2015,"1,178.50","1,179.71","1,215.40","1,170.60",,-0.07%
04/19/2015,"1,179.38","1,205.01","1,209.51","1,175.24",,-2.10%
04/12/2015,"1,204.65","1,207.30","1,209.75","1,184.18",,-0.28%
04/05/2015,"1,208.05","1,215.63","1,224.50","1,192.70",,-0.24%
03/29/2015,"1,210.90","1,199.10","1,212.74","1,178.80",,0.97%
03/22/2015,"1,199.30","1,185.86","1,219.90","1,179.35",,1.41%
03/15/2015,"1,182.68","1,158.24","1,188.30","1,143.36",,2.00%
03/08/2015,"1,159.48","1,168.65","1,176.15","1,147.85",,-0.66%
03/01/2015,"1,167.21","1,213.89","1,223.69","1,163.94",,-3.79%
02/22/2015,"1,213.15","1,201.99","1,220.60","1,191.51",,0.89%
02/15/2015,"1,202.39","1,228.68","1,236.99","1,198.05",,-2.22%
02/08/2015,"1,229.70","1,234.93","1,246.30","1,216.95",,-0.33%
02/01/2015,"1,233.72","1,281.56","1,285.60","1,228.75",,-3.88%
01/25/2015,"1,283.55","1,294.04","1,299.51","1,252.61",,-0.85%
01/18/2015,"1,294.55","1,279.70","1,306.60","1,272.25",,1.11%
01/11/2015,"1,280.30","1,223.11","1,281.99","1,218.66",,4.65%
01/04/2015,"1,223.40","1,189.34","1,224.00","1,183.45",,2.88%
12/28/2014,"1,189.18","1,195.83","1,210.40","1,168.75",,-0.52%
12/21/2014,"1,195.40","1,195.69","1,202.55","1,170.92",,-0.05%
12/14/2014,"1,195.95","1,222.47","1,224.46","1,184.33",,-2.18%
12/07/2014,"1,222.60","1,193.08","1,238.59","1,187.30",,2.56%
11/30/2014,"1,192.05","1,166.99","1,221.39","1,143.32",,2.12%
11/23/2014,"1,167.35","1,201.54","1,204.25","1,165.35",,-2.83%
11/16/2014,"1,201.40","1,188.75","1,208.01","1,175.81",,1.11%
11/09/2014,"1,188.25","1,179.34","1,193.74","1,146.32",,0.99%
11/02/2014,"1,176.65","1,173.69","1,178.99","1,132.25",,0.19%
10/26/2014,"1,174.42","1,231.74","1,235.61","1,161.75",,-4.63%
10/19/2014,"1,231.46","1,238.54","1,255.70","1,226.67",,-0.54%
10/12/2014,"1,238.19","1,223.69","1,249.80","1,222.17",,1.20%
10/05/2014,"1,223.48","1,191.79","1,233.70","1,183.96",,2.71%
09/28/2014,"1,191.20","1,219.44","1,224.00","1,190.14",,-2.32%
09/21/2014,"1,219.51","1,216.68","1,235.30","1,207.35",,0.25%
09/14/2014,"1,216.45","1,228.40","1,242.16","1,213.87",,-0.99%
09/07/2014,"1,228.63","1,268.99","1,272.09","1,227.75",,-3.17%
08/31/2014,"1,268.85","1,287.05","1,290.36","1,257.16",,-1.45%
08/24/2014,"1,287.57","1,279.91","1,297.00","1,274.66",,0.49%
08/17/2014,"1,281.23","1,304.04","1,304.20","1,273.46",,-1.79%
08/10/2014,"1,304.60","1,309.30","1,319.31","1,292.61",,-0.38%
08/03/2014,"1,309.60","1,293.93","1,322.86","1,282.56",,1.20%
07/27/2014,"1,294.10","1,308.49","1,312.60","1,280.90",,-1.07%
07/20/2014,"1,308.05","1,311.00","1,318.46","1,287.72",,-0.22%
07/13/2014,"1,310.90","1,338.45","1,339.71","1,292.01",,-2.04%
07/06/2014,"1,338.15","1,320.16","1,345.31","1,311.90",,1.33%
06/29/2014,"1,320.55","1,315.99","1,332.60","1,310.14",,0.40%
06/22/2014,"1,315.35","1,313.70","1,326.21","1,306.21",,0.04%
06/15/2014,"1,314.82","1,277.25","1,322.40","1,259.35",,2.96%
06/08/2014,"1,277.00","1,253.79","1,278.20","1,250.40",,1.94%
06/01/2014,"1,252.73","1,251.04","1,258.00","1,241.11",,0.13%
05/25/2014,"1,251.05","1,292.76","1,294.46","1,242.35",,-3.25%
05/18/2014,"1,293.11","1,293.57","1,305.40","1,283.50",,-0.05%
05/11/2014,"1,293.70","1,289.31","1,309.41","1,280.21",,0.34%
05/04/2014,"1,289.33","1,300.89","1,316.10","1,285.64",,-0.85%
04/27/2014,"1,300.32","1,303.20","1,306.61","1,277.10",,-0.24%
04/20/2014,"1,303.45","1,294.67","1,305.61","1,268.85",,0.75%
04/13/2014,"1,293.78","1,318.77","1,331.03","1,290.46",,-1.87%
04/06/2014,"1,318.47","1,302.79","1,324.90","1,295.69",,1.21%
03/30/2014,"1,302.70","1,294.28","1,307.09","1,277.88",,0.67%
03/23/2014,"1,294.00","1,334.74","1,334.86","1,285.84",,-3.04%
03/16/2014,"1,334.55","1,382.07","1,392.37","1,320.85",,-3.45%
03/09/2014,"1,382.24","1,339.16","1,388.40","1,329.36",,3.13%
03/02/2014,"1,340.25","1,326.29","1,355.20","1,326.29",,1.04%
02/23/2014,"1,326.40","1,325.20","1,345.96","1,319.32",,0.23%
02/16/2014,"1,323.39","1,318.92","1,332.48","1,307.85",,0.34%
02/09/2014,"1,318.93","1,266.13","1,321.34","1,265.22",,4.09%
02/02/2014,"1,267.06","1,245.18","1,273.74","1,240.72",,1.87%
01/26/2014,"1,243.80","1,268.99","1,278.62","1,238.55",,-2.01%
01/19/2014,"1,269.25","1,253.47","1,273.31","1,231.97",,1.23%
01/12/2014,"1,253.82","1,248.38","1,255.49","1,234.59",,0.54%
01/05/2014,"1,247.10","1,236.88","1,248.81","1,218.84",,0.85%
12/29/2013,"1,236.55","1,212.13","1,240.38","1,184.88",,1.93%
12/22/2013,"1,213.19","1,203.67","1,219.04","1,192.92",,0.83%
12/15/2013,"1,203.25","1,238.20","1,252.01","1,185.71",,-2.83%
12/08/2013,"1,238.30","1,229.69","1,267.76","1,220.60",,0.77%
12/01/2013,"1,228.85","1,251.65","1,251.65","1,212.05",,-1.97%
11/24/2013,"1,253.49","1,243.20","1,257.99","1,228.84",,0.80%
11/17/2013,"1,243.60","1,290.45","1,290.61","1,236.90",,-3.60%
11/10/2013,"1,290.05","1,288.69","1,294.38","1,261.28",,0.14%
11/03/2013,"1,288.20","1,315.14","1,325.71","1,281.40",,-2.06%
10/27/2013,"1,315.35","1,353.16","1,362.21","1,306.30",,-2.72%
10/20/2013,"1,352.13","1,316.44","1,355.60","1,310.23",,2.73%
10/13/2013,"1,316.24","1,272.68","1,325.70","1,252.16",,3.39%
10/06/2013,"1,273.11","1,311.03","1,330.09","1,262.63",,-2.92%
09/29/2013,"1,311.35","1,335.85","1,344.17","1,278.80",,-1.86%
09/22/2013,"1,336.20","1,326.09","1,344.30","1,306.39",,0.82%
09/15/2013,"1,325.38","1,329.38","1,374.93","1,291.73",,-0.10%
09/08/2013,"1,326.72","1,391.05","1,391.12","1,305.03",,-4.66%
09/01/2013,"1,391.61","1,396.59","1,416.74","1,363.28",,-0.34%
08/25/2013,"1,396.40","1,399.09","1,434.02","1,391.65",,-0.03%
08/18/2013,"1,396.85","1,376.35","1,400.21","1,355.26",,1.49%
08/11/2013,"1,376.40","1,314.60","1,380.21","1,314.60",,4.71%
08/04/2013,"1,314.50","1,312.99","1,319.80","1,273.14",,0.19%
07/28/2013,"1,312.00","1,333.80","1,338.76","1,283.19",,-1.64%
07/21/2013,"1,333.90","1,297.15","1,348.30","1,309.35",,2.90%
07/14/2013,"1,296.35","1,285.45","1,297.95","1,274.21",,0.89%
07/07/2013,"1,284.90","1,222.71","1,298.97","1,215.45",,4.99%
06/30/2013,"1,223.80","1,233.49","1,265.93","1,207.99",,-0.85%
06/23/2013,"1,234.25","1,297.80","1,302.12","1,181.82",,-4.86%
06/16/2013,"1,297.25","1,391.29","1,392.11","1,269.39",,-6.72%
06/09/2013,"1,390.70","1,378.89","1,395.16","1,367.15",,0.45%
06/02/2013,"1,384.47","1,389.16","1,423.74","1,377.86",,-0.18%
05/26/2013,"1,386.90","1,388.15","1,421.50","1,373.64",,0.06%
05/19/2013,"1,386.05","1,363.09","1,414.75","1,339.45",,1.98%
05/12/2013,"1,359.20","1,448.69","1,448.69","1,355.60",,-6.15%
05/05/2013,"1,448.20","1,470.39","1,478.95","1,421.11",,-1.53%
04/28/2013,"1,470.70","1,464.49","1,488.30","1,440.24",,0.53%
04/21/2013,"1,463.00","1,404.56","1,485.31","1,404.00",,4.18%
04/14/2013,"1,404.35","1,478.30","1,495.66","1,321.85",,-5.04%
04/07/2013,"1,478.85","1,581.14","1,590.50","1,477.50",,-6.52%
03/31/2013,"1,582.00","1,597.74","1,604.10","1,540.24",,-0.92%
03/24/2013,"1,596.74","1,609.37","1,613.83","1,590.06",,-0.73%
03/17/2013,"1,608.45","1,597.26","1,616.86","1,592.56",,1.00%
03/10/2013,"1,592.45","1,578.40","1,599.71","1,575.65",,0.89%
03/03/2013,"1,578.35","1,579.01","1,586.52","1,561.41",,0.20%
02/24/2013,"1,575.24","1,581.29","1,620.05","1,564.83",,-0.35%
02/17/2013,"1,580.70","1,609.85","1,618.90","1,554.89",,-1.79%
02/10/2013,"1,609.44","1,666.93","1,669.69","1,598.42",,-3.48%
02/03/2013,"1,667.50","1,667.76","1,685.11","1,662.00",,0.02%
01/27/2013,"1,667.15","1,658.76","1,684.00","1,652.54",,0.51%
01/20/2013,"1,658.69","1,684.79","1,696.14","1,655.78",,-1.50%
01/13/2013,"1,683.95","1,662.16","1,696.17","1,660.25",,1.26%
01/06/2013,"1,663.05","1,656.51","1,679.21","1,642.75",,0.37%
12/30/2012,"1,656.85","1,656.21","1,695.31","1,626.40",,0.09%
12/23/2012,"1,655.40","1,657.80","1,668.01","1,650.49",,-0.10%
12/16/2012,"1,656.99","1,695.64","1,703.24","1,635.47",,-2.27%
12/09/2012,"1,695.47","1,704.49","1,723.45","1,689.39",,-0.48%
12/02/2012,"1,703.65","1,714.11","1,722.32","1,684.40",,-0.65%
11/25/2012,"1,714.80","1,752.90","1,752.90","1,706.04",,-2.18%
11/18/2012,"1,753.00","1,713.60","1,754.60","1,713.49",,2.29%
11/11/2012,"1,713.70","1,732.00","1,738.41","1,705.30",,-1.01%
11/04/2012,"1,731.24","1,676.97","1,739.05","1,672.62",,3.18%
10/28/2012,"1,677.85","1,711.39","1,727.00","1,674.44",,-1.96%
10/21/2012,"1,711.35","1,721.80","1,730.60","1,699.00",,-0.55%
10/14/2012,"1,720.90","1,753.49","1,753.70","1,716.29",,-1.90%
10/07/2012,"1,754.25","1,780.60","1,780.79","1,752.34",,-1.50%
09/30/2012,"1,780.98","1,771.09","1,796.19","1,763.44",,0.55%
09/23/2012,"1,771.22","1,773.43","1,783.63","1,738.03",,-0.10%
09/16/2012,"1,773.05","1,774.85","1,787.81","1,752.95",,0.03%
09/09/2012,"1,772.48","1,735.74","1,778.01","1,717.14",,2.07%
09/02/2012,"1,736.50","1,692.09","1,741.80","1,685.59",,2.68%
08/26/2012,"1,691.15","1,671.55","1,693.32","1,647.34",,1.25%
08/19/2012,"1,670.35","1,616.15","1,675.30","1,610.09",,3.38%
08/12/2012,"1,615.80","1,620.24","1,625.71","1,590.19",,-0.26%
08/05/2012,"1,620.05","1,604.89","1,626.56","1,602.74",,0.98%
07/29/2012,"1,604.30","1,624.99","1,628.20","1,584.99",,-1.17%
07/22/2012,"1,623.28","1,581.64","1,629.60","1,563.49",,2.50%
07/15/2012,"1,583.63","1,591.79","1,599.90","1,568.24",,-0.34%
07/08/2012,"1,589.05","1,580.95","1,601.51","1,554.95",,0.39%
07/01/2012,"1,582.90","1,599.30","1,625.31","1,576.70",,-0.98%
06/24/2012,"1,598.60","1,571.79","1,607.19","1,547.64",,1.68%
06/17/2012,"1,572.15","1,627.31","1,633.51","1,558.80",,-3.36%
06/10/2012,"1,626.76","1,593.20","1,633.70","1,582.99",,2.03%
06/03/2012,"1,594.45","1,625.90","1,641.11","1,562.05",,-1.96%
05/27/2012,"1,626.25","1,574.20","1,630.02","1,532.10",,3.36%
05/20/2012,"1,573.45","1,592.26","1,599.40","1,534.02",,-1.23%
05/13/2012,"1,593.09","1,581.38","1,598.68","1,528.28",,0.83%
05/06/2012,"1,580.05","1,640.40","1,643.01","1,573.90",,-3.82%
04/29/2012,"1,642.83","1,662.35","1,671.61","1,626.91",,-1.16%
04/22/2012,"1,662.05","1,642.05","1,667.72","1,620.60",,1.18%
04/15/2012,"1,642.70","1,654.20","1,657.91","1,631.41",,-0.98%
04/08/2012,"1,659.00","1,641.55","1,680.31","1,627.81",,1.19%
04/01/2012,"1,639.49","1,669.55","1,682.16","1,613.30",,-1.76%
03/25/2012,"1,668.90","1,661.81","1,696.81","1,645.50",,0.40%
03/18/2012,"1,662.26","1,653.51","1,669.93","1,628.22",,0.10%
03/11/2012,"1,660.65","1,709.19","1,714.41","1,634.70",,-3.06%
03/04/2012,"1,713.09","1,711.16","1,716.86","1,664.45",,0.05%
02/26/2012,"1,712.30","1,773.20","1,790.70","1,688.39",,-3.45%
02/19/2012,"1,773.49","1,723.88","1,787.71","1,723.78",,2.96%
02/12/2012,"1,722.45","1,725.24","1,737.61","1,705.64",,0.15%
02/05/2012,"1,719.85","1,726.25","1,751.86","1,704.14",,-0.32%
01/29/2012,"1,725.30","1,738.41","1,763.76","1,717.05",,-0.78%
01/22/2012,"1,738.89","1,666.68","1,738.91","1,649.20",,4.32%
01/15/2012,"1,666.90","1,639.68","1,670.25","1,631.44",,1.68%
01/08/2012,"1,639.35","1,617.14","1,662.57","1,605.30",,1.39%
01/01/2012,"1,616.85","1,566.20","1,630.56","1,564.96",,3.36%
12/25/2011,"1,564.30","1,607.15","1,611.79","1,522.44",,-2.63%
12/18/2011,"1,606.60","1,599.61","1,642.36","1,583.70",,0.54%
12/11/2011,"1,597.95","1,711.24","1,714.64","1,560.82",,-6.61%
12/04/2011,"1,711.10","1,745.90","1,755.05","1,702.69",,-1.96%
11/27/2011,"1,745.25","1,681.06","1,762.61","1,681.06",,3.88%
11/20/2011,"1,680.13","1,723.14","1,726.49","1,666.38",,-2.49%
11/13/2011,"1,723.05","1,788.34","1,796.36","1,710.34",,-3.69%
11/06/2011,"1,788.99","1,753.86","1,803.11","1,736.20",,1.99%
10/30/2011,"1,754.15","1,743.01","1,768.26","1,682.60",,0.64%
10/23/2011,"1,742.95","1,642.35","1,752.85","1,635.96",,6.21%
10/16/2011,"1,641.02","1,682.29","1,695.10","1,603.99",,-2.32%
10/09/2011,"1,679.95","1,654.50","1,692.46","1,638.45",,2.47%
10/02/2011,"1,639.45","1,618.35","1,678.86","1,596.00",,0.97%
09/25/2011,"1,623.75","1,657.29","1,677.19","1,534.99",,-1.98%
09/18/2011,"1,656.59","1,818.69","1,828.65","1,629.99",,-8.57%
09/11/2011,"1,811.95","1,858.27","1,862.21","1,763.05",,-2.47%
09/04/2011,"1,857.81","1,876.99","1,920.80","1,793.69",,-1.40%
08/28/2011,"1,884.20","1,836.99","1,884.90","1,775.79",,3.04%
08/21/2011,"1,828.55","1,859.39","1,911.96","1,702.94",,-1.29%
08/14/2011,"1,852.45","1,746.25","1,877.50","1,728.01",,6.06%
08/07/2011,"1,746.60","1,662.86","1,814.40","1,662.78",,4.90%
07/31/2011,"1,665.00","1,626.64","1,682.17","1,608.19",,2.36%
07/24/2011,"1,626.64","1,599.28","1,632.80","1,599.28",,1.71%
07/17/2011,"1,599.25","1,595.45","1,611.51","1,583.00",,0.32%
07/10/2011,"1,594.10","1,545.55","1,596.16","1,542.30",,3.23%
07/03/2011,"1,544.25","1,488.09","1,547.30","1,487.50",,3.88%
06/26/2011,"1,486.50","1,500.50","1,515.71","1,480.01",,-1.04%
06/19/2011,"1,502.15","1,540.40","1,559.75","1,500.41",,-2.43%
06/12/2011,"1,539.50","1,530.50","1,542.15","1,511.61",,0.50%
06/05/2011,"1,531.90","1,544.59","1,555.30","1,527.74",,-0.69%
05/29/2011,"1,542.50","1,538.74","1,552.14","1,521.60",,0.38%
05/22/2011,"1,536.65","1,514.10","1,540.10","1,505.55",,1.53%
05/15/2011,"1,513.55","1,495.25","1,517.55","1,473.50",,1.27%
05/08/2011,"1,494.55","1,493.18","1,526.82","1,479.32",,-0.05%
05/01/2011,"1,495.25","1,567.79","1,576.29","1,462.90",,-4.49%
04/24/2011,"1,565.60","1,511.45","1,571.30","1,494.95",,3.81%
04/17/2011,"1,508.13","1,486.45","1,512.95","1,477.60",,1.46%
04/10/2011,"1,486.50","1,475.15","1,489.90","1,445.49",,0.77%
04/03/2011,"1,475.10","1,430.35","1,476.85","1,429.40",,3.27%
03/27/2011,"1,428.38","1,426.35","1,439.80","1,410.45",,-0.09%
03/20/2011,"1,429.65","1,425.46","1,448.40","1,422.79",,0.71%
03/13/2011,"1,419.55","1,422.09","1,433.89","1,382.90",,0.15%
03/06/2011,"1,417.40","1,428.05","1,444.80","1,403.12",,-0.83%
02/27/2011,"1,429.30","1,409.05","1,440.61","1,404.76",,1.42%
02/20/2011,"1,409.25","1,388.49","1,418.46","1,388.49",,1.58%
02/13/2011,"1,387.30","1,359.10","1,392.15","1,354.20",,2.30%
02/06/2011,"1,356.10","1,348.15","1,368.51","1,343.13",,0.51%
01/30/2011,"1,349.25","1,337.05","1,358.43","1,323.40",,1.04%
01/23/2011,"1,335.35","1,343.40","1,353.56","1,308.56",,-0.53%
01/16/2011,"1,342.51","1,359.61","1,379.26","1,337.95",,-1.42%
01/09/2011,"1,361.85","1,369.30","1,393.30","1,355.49",,-0.57%
01/02/2011,"1,369.60","1,421.80","1,424.57","1,353.30",,-3.65%
12/26/2010,"1,421.45","1,386.25","1,423.15","1,374.25",,2.65%
12/19/2010,"1,384.75","1,376.90","1,392.44","1,372.55",,0.68%
12/12/2010,"1,375.41","1,383.91","1,408.45","1,362.11",,-0.77%
12/05/2010,"1,386.05","1,415.46","1,431.35","1,371.85",,-2.05%
11/28/2010,"1,415.05","1,362.92","1,415.91","1,353.59",,3.71%
11/21/2010,"1,364.42","1,354.53","1,382.38","1,348.38",,0.81%
11/14/2010,"1,353.50","1,366.85","1,377.06","1,329.95",,-1.13%
11/07/2010,"1,368.95","1,395.05","1,424.65","1,360.26",,-1.79%
10/31/2010,"1,393.90","1,360.69","1,398.35","1,324.14",,2.53%
10/24/2010,"1,359.55","1,331.39","1,359.95","1,319.24",,2.36%
10/17/2010,"1,328.20","1,371.50","1,375.80","1,316.09",,-2.99%
10/10/2010,"1,369.15","1,346.40","1,388.10","1,340.85",,1.66%
10/03/2010,"1,346.80","1,317.90","1,365.10","1,312.25",,2.12%
09/26/2010,"1,318.80","1,299.00","1,322.30","1,284.10",,1.68%
09/19/2010,"1,296.95","1,276.90","1,300.95","1,270.85",,1.73%
09/12/2010,"1,274.90","1,246.90","1,284.25","1,242.45",,2.28%
09/05/2010,"1,246.45","1,248.60","1,262.75","1,237.05",,-0.05%
08/29/2010,"1,247.10","1,237.80","1,255.95","1,233.05",,0.72%
08/22/2010,"1,238.20","1,229.10","1,246.00","1,212.10",,0.83%
08/15/2010,"1,228.05","1,212.90","1,237.50","1,212.90",,1.03%
08/08/2010,"1,215.55","1,205.85","1,219.35","1,192.50",,0.85%
08/01/2010,"1,205.30","1,181.45","1,213.61","1,175.50",,2.07%
07/25/2010,"1,180.90","1,189.25","1,195.30","1,157.40",,-0.69%
07/18/2010,"1,189.10","1,193.20","1,203.95","1,175.85",,-0.38%
07/11/2010,"1,193.65","1,210.65","1,218.35","1,186.35",,-1.51%
07/04/2010,"1,212.00","1,210.60","1,214.85","1,185.55",,0.03%
06/27/2010,"1,211.60","1,253.75","1,263.45","1,197.00",,-3.50%
06/20/2010,"1,255.50","1,259.60","1,265.90","1,225.30",,-0.15%
06/13/2010,"1,257.35","1,226.45","1,262.90","1,217.05",,2.44%
06/06/2010,"1,227.40","1,219.65","1,252.70","1,211.65",,0.61%
05/30/2010,"1,220.00","1,212.55","1,231.20","1,197.65",,0.43%
05/23/2010,"1,214.81","1,177.43","1,219.35","1,176.98",,3.20%
05/16/2010,"1,177.15","1,232.50","1,244.10","1,168.50",,-4.53%
05/09/2010,"1,233.05","1,202.35","1,249.45","1,184.35",,2.05%
05/02/2010,"1,208.30","1,179.00","1,213.85","1,157.70",,2.46%
04/25/2010,"1,179.25","1,157.00","1,182.05","1,147.05",,1.89%
04/18/2010,"1,157.40","1,134.15","1,158.00","1,123.65",,1.75%
04/11/2010,"1,137.45","1,166.20","1,169.70","1,130.65",,-2.02%
04/04/2010,"1,160.90","1,125.10","1,165.35","1,119.20",,3.61%
03/28/2010,"1,120.50","1,110.05","1,128.25","1,101.95",,1.26%
03/21/2010,"1,106.60","1,107.90","1,110.65","1,085.85",,-0.09%
03/14/2010,"1,107.55","1,101.00","1,133.80","1,100.85",,0.46%
03/07/2010,"1,102.45","1,135.70","1,137.80","1,098.65",,-2.61%
02/28/2010,"1,132.05","1,116.55","1,145.00","1,112.05",,1.39%
02/21/2010,"1,116.50","1,124.90","1,131.05","1,088.60",,-0.21%
02/14/2010,"1,118.85","1,092.75","1,127.25","1,091.90",,2.33%
02/07/2010,"1,093.40","1,068.00","1,098.75","1,062.40",,2.62%
01/31/2010,"1,065.45","1,080.20","1,124.95","1,044.25",,-1.49%
01/24/2010,"1,081.55","1,091.15","1,104.30","1,074.25",,-1.05%
01/17/2010,"1,093.00","1,129.30","1,141.60","1,082.30",,-3.35%
01/10/2010,"1,130.90","1,137.80","1,162.50","1,120.35",,-0.50%
01/03/2010,"1,136.60","1,096.35","1,140.70","1,093.55",,3.58%
12/27/2009,"1,097.35","1,107.55","1,114.60","1,086.90",,-0.65%
12/20/2009,"1,104.50","1,111.55","1,119.20","1,074.60",,-0.72%
12/13/2009,"1,112.50","1,113.80","1,141.90","1,094.90",,-0.22%
12/06/2009,"1,114.90","1,160.45","1,168.90","1,109.50",,-4.03%
11/29/2009,"1,161.70","1,176.70","1,226.60","1,147.75",,-1.36%
11/22/2009,"1,177.70","1,151.80","1,195.90","1,137.80",,2.41%
11/15/2009,"1,149.95","1,118.30","1,153.15","1,118.30",,2.75%
11/08/2009,"1,119.20","1,097.41","1,123.25","1,095.80",,2.21%
11/01/2009,"1,095.05","1,044.30","1,101.30","1,040.65",,4.80%
10/25/2009,"1,044.90","1,054.30","1,060.10","1,026.25",,-0.95%
10/18/2009,"1,054.95","1,052.15","1,068.20","1,047.90",,0.16%
10/11/2009,"1,053.25","1,049.00","1,071.40","1,043.90",,0.38%
10/04/2009,"1,049.25","1,001.80","1,062.20","1,001.55",,4.68%
09/27/2009,"1,002.35",993,"1,010.40",985.9,,1.07%
09/20/2009,991.75,"1,004.85","1,019.90",985.1,,-1.53%
09/13/2009,"1,007.15","1,005.35","1,024.85",992.9,,0.13%
09/06/2009,"1,005.85",993.9,"1,012.55",983.1,,1.15%
08/30/2009,994.4,955.65,998.2,944.8,,4.02%
08/23/2009,955.95,952.9,962,940.3,,0.19%
08/16/2009,954.15,947,958.65,930.7,,0.72%
08/09/2009,947.35,954.75,962.05,940.9,,-0.79%
08/02/2009,954.9,953.3,972.25,951.85,,0.02%
07/26/2009,954.75,951.8,959.7,926.1,,0.36%
07/19/2009,951.35,938.3,958.1,937.65,,1.46%
07/12/2009,937.7,912.1,942.95,908.4,,2.69%
07/05/2009,913.15,932.55,933.1,906,,-2.08%
06/28/2009,932.5,940.6,947.25,923.6,,-0.70%
06/21/2009,939.05,933.45,948.7,913.4,,0.51%
06/14/2009,934.3,939.5,943.7,926.5,,-0.49%
06/07/2009,938.9,955.65,966.25,937,,-1.82%
05/31/2009,956.3,979.6,990.8,953.5,,-2.42%
05/24/2009,980,957,981,941.1,,2.37%
05/17/2009,957.35,930.6,962.3,916.05,,2.75%
05/10/2009,931.7,916.65,934.65,909,,1.60%
05/03/2009,917.05,887.3,926.15,885.05,,3.35%
04/26/2009,887.3,913.6,919.75,881.05,,-2.83%
04/19/2009,913.1,869.05,914.5,865.5,,5.09%
04/12/2009,868.9,881.65,900.35,865,,-1.45%
04/05/2009,881.65,894.85,896.8,865.3,,-1.37%
03/29/2009,893.9,925.4,934.35,892,,-3.16%
03/22/2009,923.05,951.85,959,918.1,,-3.13%
03/15/2009,952.85,929.55,968.7,884.9,,2.66%
03/08/2009,928.2,939.5,942.75,891.3,,-0.98%
03/01/2009,937.35,939.8,958.8,901.75,,-0.83%
02/22/2009,945.15,993.5,998.35,927.75,,-4.85%
02/15/2009,993.3,941.7,"1,006.40",936.45,,5.43%
02/08/2009,942.1,910.65,952.8,891.2,,3.35%
02/01/2009,911.55,927.95,929.2,888,,-1.75%
01/25/2009,927.75,898.9,931.4,869.1,,3.15%
01/18/2009,899.4,843.5,903.5,823.9,,6.65%
01/11/2009,843.35,854.75,857.6,803.15,,-1.18%
01/04/2009,853.45,878,884.55,834,,-2.64%
12/28/2008,876.55,868.8,891.05,856.75,,0.79%
12/21/2008,869.65,839.25,871.6,830.7,,3.73%
12/14/2008,838.35,822.05,882.7,822.05,,2.00%
12/07/2008,821.95,755.3,835.3,754.15,,8.52%
11/30/2008,757.4,816.5,819.75,741.9,,-7.35%
11/23/2008,817.5,802.45,832.1,787.45,,2.19%
11/16/2008,800,743.35,802.2,727.5,,7.74%
11/09/2008,742.55,736.3,769.3,701.75,,0.69%
11/02/2008,737.45,724.35,769.5,722.55,,1.71%
10/26/2008,725.05,735.35,778.3,708.1,,-1.39%
10/19/2008,735.3,782.9,810.2,682.8,,-6.18%
10/12/2008,783.7,851.4,873,773.3,,-7.95%
10/05/2008,851.4,836,935,827.5,,1.74%
09/28/2008,836.8,883,922,820.7,,-4.90%
09/21/2008,879.9,873.15,912.65,862.9,,0.77%
09/14/2008,873.15,767,904.6,766.4,,14.22%
09/07/2008,764.45,806,819,737,,-4.90%
08/31/2008,803.8,835.5,836.3,790.05,,-3.25%
08/24/2008,830.8,825.85,845,807.7,,0.94%
08/17/2008,823.1,793.75,840,783.05,,4.65%
08/10/2008,786.5,856.85,866.5,774.9,,-8.16%
08/03/2008,856.35,910.45,916.2,851.5,,-5.95%
07/27/2008,910.55,929.3,934,894.5,,-2.06%
07/20/2008,929.7,956.25,976.95,916.8,,-2.68%
07/13/2008,955.3,966.05,988.75,950.5,,-0.97%
07/06/2008,964.7,933.35,968.6,913.5,,3.36%
06/29/2008,933.3,929.2,947.5,919,,0.59%
06/22/2008,927.85,901.95,931.1,874.2,,2.88%
06/15/2008,901.85,869.85,908.9,867.5,,3.52%
06/08/2008,871.2,902.85,909.7,857.8,,-3.45%
06/01/2008,902.35,887.75,902.45,865.45,,1.74%
05/25/2008,886.9,925.4,931.5,871,,-4.14%
05/18/2008,925.2,904,936.3,901.55,,2.54%
05/11/2008,902.3,884.2,905.7,860.3,,1.97%
05/04/2008,884.9,858.8,890.8,858.55,,3.32%
04/27/2008,856.45,888.5,896.8,846,,-3.35%
04/20/2008,886.15,919.5,929.5,878.6,,-3.30%
04/13/2008,916.4,919.6,953,904.75,,-0.96%
04/06/2008,925.3,912.7,939.8,903.2,,1.31%
03/30/2008,913.3,931.6,941.2,873.3,,-1.84%
03/23/2008,930.4,915.6,954.9,906.4,,1.19%
03/16/2008,919.5,"1,002.90","1,031.20",905.05,,-7.42%
03/09/2008,993.2,973.4,"1,007.50",961.4,,2.03%
03/02/2008,973.4,973.4,992.3,959.85,,0.09%
02/24/2008,972.48,945.98,976.27,926.77,,2.85%
02/17/2008,945.5,903.2,954,900.5,,4.74%
02/10/2008,902.7,921.4,927.3,896.5,,-1.70%
02/03/2008,918.35,906.1,920.45,885.65,,0.88%
01/27/2008,910.38,915.62,936.88,905.08,,-0.34%
01/20/2008,913.5,881.75,923.9,850,,3.27%
01/13/2008,884.55,897.95,914.35,870.45,,-1.25%
01/06/2008,895.75,860.75,898.35,855.55,,3.98%
12/30/2007,861.5,839.5,869.45,832.1,,2.68%
12/23/2007,839,811.7,840.2,804.15,,3.48%
12/16/2007,810.8,793.8,812.6,785.4,,2.00%
12/09/2007,794.9,794.8,817.4,788,,-0.09%
12/02/2007,795.6,783.1,807.1,777.4,,1.62%
11/25/2007,782.9,821.4,837.1,779.1,,-4.92%
11/18/2007,823.4,786.5,826.1,773,,4.59%
11/11/2007,787.3,830.9,831,782.75,,-5.34%
11/04/2007,831.7,807.4,845.8,801.3,,3.00%
10/28/2007,807.5,784.8,808.1,777.1,,2.81%
10/21/2007,785.4,766.7,786.1,745.9,,2.64%
10/14/2007,765.2,749.3,770.4,747.8,,2.08%
10/07/2007,749.6,741.65,754,727.15,,0.93%
09/30/2007,742.7,744.2,748.05,721.1,,-0.19%
09/23/2007,744.1,729.6,745.9,722.7,,1.76%
09/16/2007,731.2,706.7,739.4,706.4,,3.41%
09/09/2007,707.1,700.4,717.4,699.3,,0.90%
09/02/2007,700.8,673.3,707.4,671.3,,4.13%
08/26/2007,673,668.9,674.7,661.8,,0.69%
08/19/2007,668.4,656.6,669.5,653.6,,1.70%
08/12/2007,657.2,672.3,673,641.4,,-2.32%
08/05/2007,672.8,673,677,658.5,,-0.07%
07/29/2007,673.3,661.1,674.6,659.4,,1.80%
07/22/2007,661.4,684.1,687.5,657.3,,-3.26%
07/15/2007,683.7,666.4,686.4,662.4,,2.46%
07/08/2007,667.3,656.4,669.45,653.8,,1.74%
07/01/2007,655.9,651.15,659.2,645.4,,0.96%
06/24/2007,649.65,654.65,655.35,639.65,,-0.72%
06/17/2007,654.35,655.65,662.15,648.25,,-0.21%
06/10/2007,655.75,649.35,656.2,643.65,,1.11%
06/03/2007,648.55,671.55,674.7,645.15,,-3.41%
05/27/2007,671.45,655.9,672.7,652.35,,2.33%
05/20/2007,656.15,662.75,665.75,652.05,,-0.83%
05/13/2007,661.65,672.05,675.5,654.15,,-1.40%
05/06/2007,671.05,688.55,691.55,664.75,,-2.57%
04/29/2007,688.75,681.95,691.4,668.05,,1.15%
04/22/2007,680.95,693.25,693.85,670.95,,-1.50%
04/15/2007,691.35,686.25,693.85,678.95,,0.84%
04/08/2007,685.6,674.25,686.3,669.75,,1.65%
04/01/2007,674.5,665.7,676.3,656.7,,1.64%
03/25/2007,663.6,657.75,670,655.3,,0.99%
03/18/2007,657.1,653.2,667.1,652.1,,0.64%
03/11/2007,652.9,649.25,655.6,637,,0.40%
03/04/2007,650.27,643.67,658.38,632.67,,1.14%
02/25/2007,642.95,681.65,689.35,640.15,,-5.84%
02/18/2007,682.85,669.35,688.55,655.75,,2.06%
02/11/2007,669.05,667.95,672.2,660,,0.36%
02/04/2007,666.65,648.35,668.15,646.45,,2.84%
01/28/2007,648.25,646.15,661.85,641.05,,0.26%
01/21/2007,646.6,635.75,654.5,632.7,,1.75%
01/14/2007,635.5,626.2,636.9,620.7,,1.37%
01/07/2007,626.9,608.75,627.7,604.4,,3.21%
12/31/2006,607.4,637.3,645.4,602.2,,-4.62%
12/24/2006,636.8,620.5,636.8,620,,2.54%
12/17/2006,621,615.4,624.5,611.8,,0.93%
12/10/2006,615.25,625.15,631.5,614.95,,-1.58%
12/03/2006,625.15,645.5,649.25,625.15,,-3.20%
11/26/2006,645.8,639,650,632.7,,1.19%
11/19/2006,638.2,621.5,640.3,620.9,,2.60%
11/12/2006,622,629.1,632.9,614.8,,-1.07%
11/05/2006,628.7,626.5,637,613.4,,0.11%
10/29/2006,628,599,629,598.5,,4.66%
10/22/2006,600.05,590.75,600.05,573.85,,1.38%
10/15/2006,591.9,591,602.7,585.9,,0.32%
10/08/2006,590,575.5,590.8,569.3,,2.82%
10/01/2006,573.8,598.5,604.2,559.9,,-4.09%
09/24/2006,598.3,589.25,607,582.5,,1.70%
09/17/2006,588.3,581.1,593,572.8,,1.46%
09/10/2006,579.85,610.15,611.15,571.95,,-5.07%
09/03/2006,610.8,625.05,640.75,606.7,,-2.35%
08/27/2006,625.5,622.1,628.1,607.3,,0.36%
08/20/2006,623.25,614.35,631.55,614.15,,1.34%
08/13/2006,615,633.4,633.4,607.4,,-2.80%
08/06/2006,632.7,644.3,655.05,626.5,,-2.13%
07/30/2006,646.45,636.75,656.2,629.65,,1.66%
07/23/2006,635.9,621,641,602.1,,2.44%
07/16/2006,620.75,668.75,676.75,616.25,,-6.68%
07/09/2006,665.15,630.25,668.5,620.75,,5.49%
07/02/2006,630.55,618.25,637.75,617.25,,2.85%
06/25/2006,613.1,584.9,615.9,576.9,,5.10%
06/18/2006,583.35,580.35,595.15,560.85,,0.43%
06/11/2006,580.85,603.85,611.75,543.35,,-4.38%
06/04/2006,607.45,638.65,645.35,601,,-4.82%
05/28/2006,638.2,653.15,665,618.9,,-2.12%
05/21/2006,652,656.6,674,636.6,,-0.85%
05/14/2006,657.6,714.1,720.9,651.4,,-8.00%
05/07/2006,714.8,685.2,730.5,670.5,,4.70%
04/30/2006,682.7,654.6,684.6,652.4,,4.31%
04/23/2006,654.5,639.5,655.8,619,,3.23%
04/16/2006,634,600.4,646.15,600.4,,5.70%
04/09/2006,599.8,589.25,604.5,588.4,,1.93%
04/02/2006,588.45,582.95,598.45,582.25,,0.82%
03/26/2006,583.65,559.95,589.15,558.65,,4.14%
03/19/2006,560.45,554.55,561.15,545.05,,1.19%
03/12/2006,553.85,541.2,557.95,540.95,,2.50%
03/05/2006,540.35,565.95,568.6,534.05,,-4.37%
02/26/2006,565.05,558.45,570.95,552.65,,1.09%
02/19/2006,558.95,552.2,559.95,547.45,,1.23%
02/12/2006,552.15,550.35,554.45,534.95,,0.22%
02/05/2006,550.95,569.2,573.95,545.35,,-2.94%
01/29/2006,567.65,558.45,575.05,558.35,,1.45%
01/22/2006,559.55,553.45,566.65,549.45,,1.04%
01/15/2006,553.8,556.9,568,553.4,,-0.55%
01/08/2006,556.88,539.38,556.88,556.88,,3.19%
01/01/2006,539.65,517.1,539.65,539.65,,4.26%
12/25/2005,517.6,503.9,517.6,517.6,,2.90%
12/18/2005,503,504.9,503,503,,-0.06%
12/11/2005,503.3,527.4,503.3,503.3,,-4.32%
12/04/2005,526.05,504.35,526.05,526.05,,4.50%
11/27/2005,503.4,497.15,503.4,503.4,,1.48%
11/20/2005,496.07,485.12,496.07,496.07,,2.11%
11/13/2005,485.8,469.4,485.8,485.8,,3.65%
11/06/2005,468.7,457,468.7,468.7,,2.65%
10/30/2005,456.6,472.9,456.6,456.6,,-3.56%
10/23/2005,473.45,466.2,473.45,473.45,,1.41%
10/16/2005,466.88,469.62,466.88,466.88,,-0.58%
10/09/2005,469.6,474.65,469.6,469.6,,-0.96%
10/02/2005,474.15,467.6,474.15,474.15,,1.07%
09/25/2005,469.15,463.85,469.15,469.15,,1.27%
09/18/2005,463.25,459.35,463.25,463.25,,0.76%
09/11/2005,459.75,449.85,459.75,459.75,,2.34%
09/04/2005,449.25,444.35,449.25,449.25,,1.03%
08/28/2005,444.65,438.75,444.65,444.65,,1.61%
08/21/2005,437.6,437.4,437.6,437.6,,0.30%
08/14/2005,436.3,446.25,436.3,436.3,,-2.22%
08/07/2005,446.2,437.4,446.2,446.2,,1.88%
07/31/2005,437.95,429.85,437.95,437.95,,1.80%
07/24/2005,430.2,425.2,430.2,430.2,,1.25%
07/17/2005,424.9,421.4,424.9,424.9,,0.79%
07/10/2005,421.55,423.85,421.55,421.55,,-0.35%
07/03/2005,423.05,428.35,423.05,423.05,,-1.08%
06/26/2005,427.65,439.6,427.65,427.65,,-2.93%
06/19/2005,440.55,438.1,440.55,440.55,,0.50%
06/12/2005,438.35,425.85,438.35,438.35,,2.57%
06/05/2005,427.35,422.65,427.35,427.35,,1.16%
05/29/2005,422.45,419.6,422.45,422.45,,0.57%
05/22/2005,420.05,417.65,420.05,420.05,,0.55%
05/15/2005,417.77,420.38,417.77,417.77,,-0.63%
05/08/2005,420.4,426.4,420.4,420.4,,-1.25%
05/01/2005,425.73,434.38,425.73,425.73,,-2.10%
04/24/2005,434.88,434.07,434.88,434.88,,0.06%
04/17/2005,434.6,424.65,434.6,434.6,,2.26%
04/10/2005,425,426.9,425,425,,-0.03%
04/03/2005,425.12,425.88,425.12,425.12,,-0.24%
03/27/2005,426.15,425.35,426.15,426.15,,-0.02%
03/20/2005,426.25,439.5,426.25,426.25,,-2.98%
03/13/2005,439.35,445.6,439.35,439.35,,-1.46%
03/06/2005,445.85,433.95,445.85,445.85,,2.73%
02/27/2005,434,434.9,434,434,,-0.21%
02/20/2005,434.93,428.77,434.93,434.93,,1.75%
02/13/2005,427.43,420.62,427.43,427.43,,1.56%
02/06/2005,420.88,414.62,420.88,420.88,,1.51%
01/30/2005,414.6,426.4,414.6,414.6,,-2.86%
01/23/2005,426.8,427.4,426.8,426.8,,0.01%
01/16/2005,426.75,422.5,426.75,426.75,,0.85%
01/09/2005,423.15,419.25,423.15,423.15,,1.00%
01/02/2005,418.95,437.75,418.95,418.95,,-4.45%
