"Date","Price"
2014-12-31,418.12
2015-01-02,414.96
2015-01-05,404.61
2015-01-06,397.95
2015-01-07,396.68
2015-01-08,397.1
2015-01-09,395.01
2015-01-12,384.79
2015-01-13,381.02
2015-01-14,388.98
2015-01-15,382.72
2015-01-16,391.44
2015-01-20,381.24
2015-01-21,386.15
2015-01-22,381.68
2015-01-23,379.74
2015-01-26,377.65
2015-01-27,382.2
2015-01-28,376.73
2015-01-29,375.08
2015-01-30,389.68
2015-02-02,396.34
2015-02-03,412.7
2015-02-04,395.9
2015-02-05,404.06
2015-02-06,410.41
2015-02-09,417.09
2015-02-10,408.59
2015-02-11,404.24
2015-02-12,416.98
2015-02-13,425.99
2015-02-17,426.25
2015-02-18,420.57
2015-02-19,418.36
2015-02-20,416.17
2015-02-23,410.59
2015-02-24,410.19
2015-02-25,418.4
2015-02-26,411.72
2015-02-27,421.24
2015-03-02,413.06
2015-03-03,417.21
2015-03-04,417.37
2015-03-05,414.71
2015-03-06,411.78
2015-03-09,410.58
2015-03-10,402.92
2015-03-11,405.51
2015-03-12,403.36
2015-03-13,393.35
2015-03-16,389.73
2015-03-17,386.91
2015-03-18,395.91
2015-03-19,392.02
2015-03-20,398.17
2015-03-23,401.82
2015-03-24,400.17
2015-03-25,404.72
2015-03-26,413.4
2015-03-27,402.71
2015-03-30,402.4
2015-03-31,396.65
2015-04-01,406.71
2015-04-02,400.97
2015-04-06,413.14
2015-04-07,417.87
2015-04-08,404.07
2015-04-09,406.35
2015-04-10,412.37
2015-04-13,412.76
2015-04-14,417.95
2015-04-15,430.83
2015-04-16,434.67
2015-04-17,431.71
2015-04-20,430.82
2015-04-21,426.16
2015-04-22,426.56
2015-04-23,435.07
2015-04-24,435.42
2015-04-27,434.02
2015-04-28,434.67
2015-04-29,440.9
2015-04-30,445.58
2015-05-01,443.83
2015-05-04,444.03
2015-05-05,450.6
2015-05-06,450.97
2015-05-07,441.85
2015-05-08,444.31
2015-05-11,442.28
2015-05-12,450.83
2015-05-13,451.52
2015-05-14,451.84
2015-05-15,450.76
2015-05-18,448.74
2015-05-19,437.39
2015-05-20,440.59
2015-05-21,448.08
2015-05-22,441.93
2015-05-26,432.59
2015-05-27,427.2
2015-05-28,429.16
2015-05-29,439.09
2015-06-01,438.48
2015-06-02,443.49
2015-06-03,436.19
2015-06-04,428.76
2015-06-05,432.88
2015-06-08,432.21
2015-06-09,442.54
2015-06-10,447.25
2015-06-11,442.92
2015-06-12,437.93
2015-06-15,434.39
2015-06-16,435.72
2015-06-17,436.43
2015-06-18,437.47
2015-06-19,431.55
2015-06-22,433.15
2015-06-23,438.79
2015-06-24,435.16
2015-06-25,434.16
2015-06-26,435.74
2015-06-29,431.61
2015-06-30,440.69
2015-07-01,432.64
2015-07-02,433.81
2015-07-06,412.51
2015-07-07,409.29
2015-07-08,409.36
2015-07-09,415.45
2015-07-10,415.48
2015-07-13,413.66
2015-07-14,414.79
2015-07-15,407.85
2015-07-16,406.15
2015-07-17,404.73
2015-07-20,400.11
2015-07-21,400.86
2015-07-22,395.35
2015-07-23,391.01
2015-07-24,386.64
2015-07-27,380.66
2015-07-28,383.54
2015-07-29,384.76
2015-07-30,383.65
2015-07-31,378.38
2015-08-03,368.68
2015-08-04,371.33
2015-08-05,369.32
2015-08-06,367.43
2015-08-07,365.42
2015-08-10,375.04
2015-08-11,367.05
2015-08-12,367.89
2015-08-13,365.67
2015-08-14,365.02
2015-08-17,362.4
2015-08-18,362.27
2015-08-19,354.79
2015-08-20,355.2
2015-08-21,348.11
2015-08-24,336.88
2015-08-25,339.75
2015-08-26,335.51
2015-08-27,353.62
2015-08-28,365.65
2015-08-31,380.85
2015-09-01,364.14
2015-09-02,366.64
2015-09-03,369.67
2015-09-04,364.87
2015-09-08,366.93
2015-09-09,359.92
2015-09-10,366.64
2015-09-11,363.47
2015-09-14,359.61
2015-09-15,360.44
2015-09-16,368.37
2015-09-17,365.76
2015-09-18,357.59
2015-09-21,364.58
2015-09-22,362.28
2015-09-23,357.26
2015-09-24,358.31
2015-09-25,362.01
2015-09-28,355.7
2015-09-29,358.67
2015-09-30,359.34
2015-10-01,356.7
2015-10-02,358.25
2015-10-05,363.65
2015-10-06,374.65
2015-10-07,372.57
2015-10-08,378
2015-10-09,379.52
2015-10-12,370.26
2015-10-13,368.59
2015-10-14,368.19
2015-10-15,366.58
2015-10-16,369.21
2015-10-19,361.61
2015-10-20,362.73
2015-10-21,359.15
2015-10-22,359.96
2015-10-23,357.09
2015-10-26,354.65
2015-10-27,351.24
2015-10-28,361.58
2015-10-29,360.44
2015-10-30,363.44
2015-11-02,360.54
2015-11-03,368.17
2015-11-04,360.07
2015-11-05,355.41
2015-11-06,353.68
2015-11-09,350.98
2015-11-10,351.54
2015-11-11,348.07
2015-11-12,343.68
2015-11-13,339.48
2015-11-16,339.29
2015-11-17,335.89
2015-11-18,337.02
2015-11-19,337.46
2015-11-20,337.72
2015-11-23,338.74
2015-11-24,343.39
2015-11-25,343.72
2015-11-27,337.29
2015-11-30,336.15
2015-12-01,337.7
2015-12-02,328.31
2015-12-03,333.44
2015-12-04,331.36
2015-12-07,320.06
2015-12-08,319
2015-12-09,319.07
2015-12-10,319.55
2015-12-11,313.92
2015-12-14,312.4
2015-12-15,314.24
2015-12-16,307.74
2015-12-17,305.49
2015-12-18,307.39
2015-12-21,305.94
2015-12-22,305.01
2015-12-23,311.73
2015-12-24,314.01
2015-12-28,309.46
2015-12-29,315.23
2015-12-30,309.12
2015-12-31,311.65
2016-01-04,309.64
2016-01-05,307.16
2016-01-06,297.95
2016-01-07,295.71
2016-01-08,295.57
2016-01-11,287.62
2016-01-12,284.76
2016-01-13,284.65
2016-01-14,287.02
2016-01-15,279.17
2016-01-19,277.9
2016-01-20,271.81
2016-01-21,278.04
2016-01-22,290.2
2016-01-25,283.15
2016-01-26,288.83
2016-01-27,293.41
2016-01-28,296.26
2016-01-29,300.67
2016-02-01,292.92
2016-02-02,285.54
2016-02-03,295.3
2016-02-04,293.7
2016-02-05,291.64
2016-02-08,288.89
2016-02-09,280.61
2016-02-10,282.29
2016-02-11,281.7
2016-02-12,294.98
2016-02-16,290.97
2016-02-17,300.42
2016-02-18,299.17
2016-02-19,293.73
2016-02-22,300.7
2016-02-23,294.46
2016-02-24,297.85
2016-02-25,300.7
2016-02-26,300
2016-02-29,303.63
2016-03-01,304.73
2016-03-02,306.39
2016-03-03,307.16
2016-03-04,314.68
2016-03-07,324.21
2016-03-08,320.58
2016-03-09,328.73
2016-03-10,327.4
2016-03-11,331.41
2016-03-14,327.13
2016-03-15,323.83
2016-03-16,330.7
2016-03-17,337.88
2016-03-18,335.3
2016-03-21,336.15
2016-03-22,337.53
2016-03-23,329.37
2016-03-24,327.91
2016-03-28,327.84
2016-03-29,324.21
2016-03-30,323.3
2016-03-31,323.42
2016-04-01,316.4
2016-04-04,311.37
2016-04-05,310.41
2016-04-06,317.59
2016-04-07,316.23
2016-04-08,329.02
2016-04-11,332
2016-04-12,341.58
2016-04-13,341.98
2016-04-14,339.67
2016-04-15,336.25
2016-04-18,335.85
2016-04-19,343.57
2016-04-20,352.48
2016-04-21,348.33
2016-04-22,347.98
2016-04-25,345.23
2016-04-26,351.68
2016-04-27,356.09
2016-04-28,359.56
2016-04-29,360.41
2016-05-02,355.13
2016-05-03,348.34
2016-05-04,347.71
2016-05-05,347.81
2016-05-06,350.62
2016-05-09,342.89
2016-05-10,351.72
2016-05-11,361.15
2016-05-12,362.92
2016-05-13,361.72
2016-05-16,367.66
2016-05-17,370.76
2016-05-18,369.98
2016-05-19,366.95
2016-05-20,367.3
2016-05-23,364.89
2016-05-24,366.12
2016-05-25,370.68
2016-05-26,371.6
2016-05-27,371.88
2016-05-31,370.95
2016-06-01,371.67
2016-06-02,374.55
2016-06-03,374.02
2016-06-06,378.77
2016-06-07,382.37
2016-06-08,389.83
2016-06-09,387.76
2016-06-10,381.26
2016-06-13,381.3
2016-06-14,379.16
2016-06-15,376.17
2016-06-16,367.81
2016-06-17,376.85
2016-06-20,382.89
2016-06-21,380.16
2016-06-22,377.03
2016-06-23,380.72
2016-06-24,369.23
2016-06-27,364.07
2016-06-28,372.1
2016-06-29,380.33
2016-06-30,374.03
2016-07-01,376.44
2016-07-05,364.31
2016-07-06,365.96
2016-07-07,355.27
2016-07-08,358.04
2016-07-11,355.91
2016-07-12,365.54
2016-07-13,358.09
2016-07-14,362.25
2016-07-15,361.12
2016-07-18,358.43
2016-07-19,355.34
2016-07-20,354.99
2016-07-21,350.89
2016-07-22,349.03
2016-07-25,345.15
2016-07-26,344.35
2016-07-27,339.4
2016-07-28,336.68
2016-07-29,339.4
2016-08-01,332.43
2016-08-02,330.85
2016-08-03,336.81
2016-08-04,340.67
2016-08-05,342.03
2016-08-08,346.94
2016-08-09,345.28
2016-08-10,341.63
2016-08-11,349.71
2016-08-12,353.12
2016-08-15,359.65
2016-08-16,363.15
2016-08-17,365.08
2016-08-18,370.77
2016-08-19,370.44
2016-08-22,364.4
2016-08-23,367.03
2016-08-24,361.52
2016-08-25,363.15
2016-08-26,363.07
2016-08-29,359.14
2016-08-30,355.72
2016-08-31,348.21
2016-09-01,341.87
2016-09-02,347.18
2016-09-06,348.19
2016-09-07,352.18
2016-09-08,361.99
2016-09-09,354.77
2016-09-12,356.81
2016-09-13,350.6
2016-09-14,346.47
2016-09-15,349.49
2016-09-16,348.1
2016-09-19,348.96
2016-09-20,350.19
2016-09-21,354.9
2016-09-22,358.89
2016-09-23,351.53
2016-09-26,356.46
2016-09-27,350.39
2016-09-28,360.22
2016-09-29,363.33
2016-09-30,364.47
2016-10-03,366.81
2016-10-04,367.42
2016-10-05,371.74
2016-10-06,372.85
2016-10-07,371.81
2016-10-10,378.34
2016-10-11,375.63
2016-10-12,372.76
2016-10-13,375.81
2016-10-14,375.63
2016-10-17,374.62
2016-10-18,375.56
2016-10-19,379.49
2016-10-20,374.09
2016-10-21,375.78
2016-10-24,374.95
2016-10-25,373.11
2016-10-26,370.47
2016-10-27,373.74
2016-10-28,370.01
2016-10-31,361.62
2016-11-01,360.6
2016-11-02,354.9
2016-11-03,352.29
2016-11-04,349.1
2016-11-07,352.92
2016-11-08,354.65
2016-11-09,356.55
2016-11-10,356.24
2016-11-11,351.2
2016-11-14,349.77
2016-11-15,359.36
2016-11-16,357.56
2016-11-17,357.97
2016-11-18,359.71
2016-11-21,370.55
2016-11-22,370.98
2016-11-23,371.24
2016-11-25,365.14
2016-11-28,370.4
2016-11-29,360
2016-11-30,377.22
2016-12-01,384.77
2016-12-02,386.39
2016-12-05,390.18
2016-12-06,387.12
2016-12-07,383.42
2016-12-08,387.01
2016-12-09,390.84
2016-12-12,396.4
2016-12-13,396.9
2016-12-14,391.14
2016-12-15,389.25
2016-12-16,393.46
2016-12-19,392.08
2016-12-20,392.32
2016-12-21,390.7
2016-12-22,391.95
2016-12-23,391.89
2016-12-27,398.22
2016-12-28,399.18
2016-12-29,398.48
2016-12-30,398.2
2017-01-03,390.66
2017-01-04,396.14
2017-01-05,397.84
2017-01-06,398.18
2017-01-09,390.48
2017-01-10,389.01
2017-01-11,394.64
2017-01-12,400.68
2017-01-13,399.85
2017-01-17,400.91
2017-01-18,395.17
2017-01-19,394.96
2017-01-20,399.41
2017-01-23,398.77
2017-01-24,400.17
2017-01-25,397.93
2017-01-26,400.68
2017-01-27,397.47
2017-01-30,393.51
2017-01-31,395.83
2017-02-01,401.7
2017-02-02,400.35
2017-02-03,400.38
2017-02-06,396.76
2017-02-07,395.5
2017-02-08,398.78
2017-02-09,401.76
2017-02-10,407.83
2017-02-13,403.78
2017-02-14,405.1
2017-02-15,405.48
2017-02-16,403.71
2017-02-17,403.03
2017-02-21,404.51
2017-02-22,401.58
2017-02-23,403.74
2017-02-24,401.83
2017-02-27,401.06
2017-02-28,402.22
2017-03-01,403.23
2017-03-02,396.12
2017-03-03,398.56
2017-03-06,398.78
2017-03-07,397.44
2017-03-08,387.67
2017-03-09,382.6
2017-03-10,380.06
2017-03-13,380.16
2017-03-14,377.21
2017-03-15,381.89
2017-03-16,382.26
2017-03-17,383.12
2017-03-20,382.16
2017-03-21,379.41
2017-03-22,378.22
2017-03-23,377.44
2017-03-24,378.13
2017-03-27,376.71
2017-03-28,380.04
2017-03-29,384.81
2017-03-30,387.16
2017-03-31,388.22
2017-04-03,385.6
2017-04-04,389.41
2017-04-05,390.71
2017-04-06,392.84
2017-04-07,395.2
2017-04-10,398.84
2017-04-11,400.63
2017-04-12,400.06
2017-04-13,401.58
2017-04-17,399.31
2017-04-18,396.54
2017-04-19,388.83
2017-04-20,387.7
2017-04-21,383.03
2017-04-24,381.24
2017-04-25,383.57
2017-04-26,383.29
2017-04-27,380.38
2017-04-28,382.77
2017-05-01,381.64
2017-05-02,378.14
2017-05-03,378.8
2017-05-04,367.82
2017-05-05,371.39
2017-05-08,371.1
2017-05-09,368.88
2017-05-10,375.54
2017-05-11,378.29
2017-05-12,379.5
2017-05-15,382.63
2017-05-16,381.77
2017-05-17,384.35
2017-05-18,384.11
2017-05-19,391.04
2017-05-22,393.67
2017-05-23,393.04
2017-05-24,391.92
2017-05-25,383.11
2017-05-26,385.5
2017-05-30,382.86
2017-05-31,377.85
2017-06-01,377.36
2017-06-02,374.34
2017-06-05,371.72
2017-06-06,374.55
2017-06-07,366.99
2017-06-08,367.9
2017-06-09,369.81
2017-06-12,368.35
2017-06-13,369.88
2017-06-14,362.06
2017-06-15,361.85
2017-06-16,364.17
2017-06-19,361.38
2017-06-20,357.1
2017-06-21,352.7
2017-06-22,352.52
2017-06-23,353.8
2017-06-26,355.5
2017-06-27,359.65
2017-06-28,362.61
2017-06-29,365.33
2017-06-30,372.38
2017-07-03,377.72
2017-07-05,369.92
2017-07-06,371.31
2017-07-07,365.51
2017-07-10,366.92
2017-07-11,370.25
2017-07-12,370.22
2017-07-13,370.34
2017-07-14,373.46
2017-07-17,371.9
2017-07-18,373.57
2017-07-19,377.9
2017-07-20,376.88
2017-07-21,371.17
2017-07-24,371.21
2017-07-25,376.84
2017-07-26,381.32
2017-07-27,383.93
2017-07-28,386.62
2017-07-31,388.07
2017-08-01,382.96
2017-08-02,385.77
2017-08-03,383.17
2017-08-04,384.51
2017-08-07,384.8
2017-08-08,384.91
2017-08-09,386.89
2017-08-10,381.93
2017-08-11,383
2017-08-14,378.02
2017-08-15,376.65
2017-08-16,374.29
2017-08-17,374.9
2017-08-18,380.68
2017-08-21,376.5
2017-08-22,377.45
2017-08-23,379.99
2017-08-24,378.99
2017-08-25,379.06
2017-08-28,376.96
2017-08-29,377.48
2017-08-30,375.85
2017-08-31,386
2017-09-01,386.38
2017-09-05,389.97
2017-09-06,392.43
2017-09-07,392.34
2017-09-08,387.18
2017-09-11,388.16
2017-09-12,388.65
2017-09-13,392.41
2017-09-14,394.23
2017-09-15,395.9
2017-09-18,394.94
2017-09-19,393.5
2017-09-20,398.7
2017-09-21,397.27
2017-09-22,398.04
2017-09-25,404.25
2017-09-26,401.57
2017-09-27,402.27
2017-09-28,400.2
2017-09-29,399.31
2017-10-02,393.98
2017-10-03,393.85
2017-10-04,393.73
2017-10-05,398.7
2017-10-06,391.85
2017-10-09,392.46
2017-10-10,398.51
2017-10-11,399.64
2017-10-12,398.1
2017-10-13,402.8
2017-10-16,404.66
2017-10-17,403.24
2017-10-18,403.32
2017-10-19,401.03
2017-10-20,402.38
2017-10-23,402.94
2017-10-24,406.76
2017-10-25,406.44
2017-10-26,408.54
2017-10-27,412.04
2017-10-30,413.8
2017-10-31,415.14
2017-11-01,415.16
2017-11-02,415.7
2017-11-03,420.59
2017-11-06,429.44
2017-11-07,427.58
2017-11-08,427.39
2017-11-09,429.19
2017-11-10,428.59
2017-11-13,428.53
2017-11-14,421.84
2017-11-15,420.62
2017-11-16,418.75
2017-11-17,425.35
2017-11-20,422.82
2017-11-21,424.66
2017-11-22,429.02
2017-11-24,431.23
2017-11-27,429.62
2017-11-28,428.79
2017-11-29,426.11
2017-11-30,424.26
2017-12-01,429.48
2017-12-04,423.56
2017-12-05,422.74
2017-12-06,414.64
2017-12-07,416.7
2017-12-08,420.33
2017-12-11,423.4
2017-12-12,418.48
2017-12-13,415.83
2017-12-14,418.76
2017-12-15,419.7
2017-12-18,421.11
2017-12-19,422.82
2017-12-20,425.98
2017-12-21,427.8
2017-12-22,429.34
2017-12-26,437.26
2017-12-27,437.58
2017-12-28,439.9
2017-12-29,442.44
2018-01-02,442.72
2018-01-03,447.14
2018-01-04,447.83
2018-01-05,443.76
2018-01-08,443.76
2018-01-09,448.4
2018-01-10,450.45
2018-01-11,451.22
2018-01-12,453.23
2018-01-16,450.91
2018-01-17,452.74
2018-01-18,453.12
2018-01-19,450.37
2018-01-22,452.35
2018-01-23,455.67
2018-01-24,461.36
2018-01-25,460.86
2018-01-26,463.44
2018-01-29,460.59
2018-01-30,456.61
2018-01-31,456.53
2018-02-01,460.23
2018-02-02,456.53
2018-02-05,451.6
2018-02-06,447.38
2018-02-07,440.34
2018-02-08,438.06
2018-02-09,428.53
2018-02-12,430.5
2018-02-13,431.7
2018-02-14,439.14
2018-02-15,441.53
2018-02-16,443.59
2018-02-20,444.21
2018-02-21,444.57
2018-02-22,448.84
2018-02-23,451.53
2018-02-26,453.68
2018-02-27,450.09
2018-02-28,443.38
2018-03-01,441.04
2018-03-02,441.56
2018-03-05,447.54
2018-03-06,448.22
2018-03-07,441.54
2018-03-08,437.7
2018-03-09,444.4
2018-03-12,441.5
2018-03-13,440.57
2018-03-14,441.61
2018-03-15,441.32
2018-03-16,444.63
2018-03-19,441.29
2018-03-20,446.15
2018-03-21,453.47
2018-03-22,450.3
2018-03-23,455.17
2018-03-26,453.42
2018-03-27,453.05
2018-03-28,450.03
2018-03-29,452.94
2018-04-02,445.07
2018-04-03,446.9
2018-04-04,445.72
2018-04-05,448.46
2018-04-06,443.72
2018-04-09,451.91
2018-04-10,461.15
2018-04-11,466.72
2018-04-12,466.87
2018-04-13,468.31
2018-04-16,464.51
2018-04-17,464.85
2018-04-18,474.78
2018-04-19,474.03
2018-04-20,473.77
2018-04-23,473.52
2018-04-24,470.42
2018-04-25,472
2018-04-26,473.53
2018-04-27,473.15
2018-04-30,475.76
2018-05-01,470.92
2018-05-02,472.52
2018-05-03,474.28
2018-05-04,479.46
2018-05-07,482.55
2018-05-08,477.01
2018-05-09,485.64
2018-05-10,487.14
2018-05-11,484.43
2018-05-14,486.71
2018-05-15,487.51
2018-05-16,489.2
2018-05-17,490.22
2018-05-18,489.13
2018-05-21,493.06
2018-05-22,494.83
2018-05-23,495.11
2018-05-24,491.49
2018-05-25,482.07
2018-05-29,477.08
2018-05-30,483.69
2018-05-31,481.43
2018-06-01,477.11
2018-06-04,470.5
2018-06-05,472.2
2018-06-06,471.28
2018-06-07,477.43
2018-06-08,476.17
2018-06-11,475.35
2018-06-12,476.47
2018-06-13,478.02
2018-06-14,474.14
2018-06-15,463.61
2018-06-18,467.39
2018-06-19,462.65
2018-06-20,463.76
2018-06-21,460.73
2018-06-22,471.45
2018-06-25,466.27
2018-06-26,473.06
2018-06-27,481.23
2018-06-28,481.55
2018-06-29,487.44
2018-07-02,479.57
2018-07-03,481
2018-07-05,478.61
2018-07-06,480.73
2018-07-09,481.11
2018-07-10,480.64
2018-07-11,459.38
2018-07-12,461.47
2018-07-13,463.37
2018-07-16,450.73
2018-07-17,451.58
2018-07-18,454.3
2018-07-19,455.18
2018-07-20,457.58
2018-07-23,457.87
2018-07-24,460.61
2018-07-25,465.3
2018-07-26,467.01
2018-07-27,464.66
2018-07-30,469.41
2018-07-31,464.83
2018-08-01,457.52
2018-08-02,462.03
2018-08-03,462.15
2018-08-06,464.5
2018-08-07,466.67
2018-08-08,458.41
2018-08-09,457.17
2018-08-10,458.18
2018-08-13,455.09
2018-08-14,454.99
2018-08-15,445.12
2018-08-16,449.37
2018-08-17,451.63
2018-08-20,452.36
2018-08-21,453.82
2018-08-22,460.33
2018-08-23,459.3
2018-08-24,463.79
2018-08-27,465.06
2018-08-28,463.33
2018-08-29,467.99
2018-08-30,469.29
2018-08-31,468.69
2018-09-04,468.1
2018-09-05,463.48
2018-09-06,459.79
2018-09-07,461.03
2018-09-10,462.51
2018-09-11,467.28
2018-09-12,471.39
2018-09-13,464.27
2018-09-14,464.38
2018-09-17,463.41
2018-09-18,467.8
2018-09-19,471.95
2018-09-20,471.27
2018-09-21,473.84
2018-09-24,480.36
2018-09-25,482.5
2018-09-26,479.69
2018-09-27,481.24
2018-09-28,486.28
2018-10-01,496.04
2018-10-02,497.94
2018-10-03,502.55
2018-10-04,495.16
2018-10-05,494.31
2018-10-08,493.51
2018-10-09,496.39
2018-10-10,488.35
2018-10-11,478.67
2018-10-12,480.66
2018-10-15,483.94
2018-10-16,484.69
2018-10-17,477.99
2018-10-18,472.8
2018-10-19,474.72
2018-10-22,475.32
2018-10-23,464.04
2018-10-24,463.92
2018-10-25,465.11
2018-10-26,468.08
2018-10-29,465.41
2018-10-30,459.77
2018-10-31,456.32
2018-11-01,450.82
2018-11-02,450.54
2018-11-05,451.29
2018-11-06,446.97
2018-11-07,447.23
2018-11-08,443.35
2018-11-09,440.55
2018-11-12,441.47
2018-11-13,426.42
2018-11-14,432.83
2018-11-15,429.98
2018-11-16,432.38
2018-11-19,435.24
2018-11-20,418.37
2018-11-21,422.13
2018-11-23,403.56
2018-11-26,407.89
2018-11-27,406.2
2018-11-28,404.38
2018-11-29,408.13
2018-11-30,406.52
2018-12-03,414.76
2018-12-04,417.06
2018-12-05,415.75
2018-12-06,407.68
2018-12-07,416.21
2018-12-10,408.35
2018-12-11,409.55
2018-12-12,407.92
2018-12-13,412.91
2018-12-14,406.09
2018-12-17,400.48
2018-12-18,387.87
2018-12-19,392.63
2018-12-20,381.78
2018-12-21,380.32
2018-12-24,367.29
2018-12-26,380.23
2018-12-27,374.17
2018-12-28,374.98
2018-12-31,374.33
2019-01-02,377.91
2019-01-03,381.2
2019-01-04,386.8
2019-01-07,389.19
2019-01-08,394.47
2019-01-09,405.36
2019-01-10,405.77
2019-01-11,402.93
2019-01-14,399.64
2019-01-15,404.4
2019-01-16,406.27
2019-01-17,406.05
2019-01-18,413.2
2019-01-22,406.6
2019-01-23,405.75
2019-01-24,406.65
2019-01-25,409.69
2019-01-28,401.28
2019-01-29,407.1
2019-01-30,410.38
2019-01-31,407.89
2019-02-01,413.3
2019-02-04,412.67
2019-02-05,410.21
2019-02-06,412
2019-02-07,406.18
2019-02-08,407.89
2019-02-11,406.27
2019-02-12,410.36
2019-02-13,414.69
2019-02-14,416.24
2019-02-15,423.4
2019-02-19,424.21
2019-02-20,427.1
2019-02-21,428.19
2019-02-22,429.45
2019-02-25,420.53
2019-02-26,421.51
2019-02-27,426.77
2019-02-28,426.35
2019-03-01,421.35
2019-03-04,423.05
2019-03-05,424.39
2019-03-06,422.72
2019-03-07,423.37
2019-03-08,421.84
2019-03-11,423.79
2019-03-12,426.05
2019-03-13,431.49
2019-03-14,431.81
2019-03-15,432.48
2019-03-18,434.52
2019-03-19,435.38
2019-03-20,439.49
2019-03-21,438.41
2019-03-22,434.17
2019-03-25,434.29
2019-03-26,437.11
2019-03-27,434.74
2019-03-28,432.8
2019-03-29,434.13
2019-04-01,439.7
2019-04-02,442.69
2019-04-03,443.51
2019-04-04,443.93
2019-04-05,447.27
2019-04-08,451.44
2019-04-09,449.68
2019-04-10,453.84
2019-04-11,449.85
2019-04-12,452.47
2019-04-15,450.07
2019-04-16,450.97
2019-04-17,449.86
2019-04-18,450.85
2019-04-22,456.25
2019-04-23,457.18
2019-04-24,455.09
2019-04-25,452.83
2019-04-26,445.34
2019-04-29,444.82
2019-04-30,446.45
2019-05-01,446.39
2019-05-02,440.23
2019-05-03,440.83
2019-05-06,439.66
2019-05-07,435.14
2019-05-08,436.78
2019-05-09,434
2019-05-10,434.34
2019-05-13,431.47
2019-05-14,436.89
2019-05-15,439.63
2019-05-16,445.15
2019-05-17,443
2019-05-20,443.49
2019-05-21,443.12
2019-05-22,436.07
2019-05-23,422.69
2019-05-24,427.13
2019-05-28,432
2019-05-29,429.51
2019-05-30,421.88
2019-05-31,407.76
2019-06-03,405.26
2019-06-04,406.96
2019-06-05,398.56
2019-06-06,402.93
2019-06-07,407.17
2019-06-10,405.67
2019-06-11,407.35
2019-06-12,399.78
2019-06-13,405.01
2019-06-14,406.96
2019-06-17,404.56
2019-06-18,410.41
2019-06-19,408.49
2019-06-20,420.16
2019-06-21,421.16
2019-06-24,422.81
2019-06-25,424.63
2019-06-26,430.87
2019-06-27,430.55
2019-06-28,425.36
2019-07-01,425.44
2019-07-02,414.5
2019-07-03,421
2019-07-05,422.34
2019-07-08,421.54
2019-07-09,422.35
2019-07-10,434.12
2019-07-11,433.6
2019-07-12,434.63
2019-07-15,430.93
2019-07-16,423.02
2019-07-17,419.89
2019-07-18,412.6
2019-07-19,415.92
2019-07-22,416.86
2019-07-23,419.74
2019-07-24,417.72
2019-07-25,417.46
2019-07-26,416.69
2019-07-29,418.52
2019-07-30,421.65
2019-07-31,422.44
2019-08-01,403.17
2019-08-02,407.67
2019-08-05,401.9
2019-08-06,397.52
2019-08-07,387.47
2019-08-08,394.25
2019-08-09,399.73
2019-08-12,397.15
2019-08-13,405.55
2019-08-14,398.07
2019-08-15,394.52
2019-08-16,395.88
2019-08-19,399.34
2019-08-20,399.86
2019-08-21,400.02
2019-08-22,397.98
2019-08-23,393.36
2019-08-26,392.51
2019-08-27,396.03
2019-08-28,400.37
2019-08-29,403.61
2019-08-30,397.06
2019-09-03,392.44
2019-09-04,403.72
2019-09-05,404.27
2019-09-06,404.47
2019-09-09,409.68
2019-09-10,410.39
2019-09-11,404.2
2019-09-12,403.44
2019-09-13,403.83
2019-09-16,436.08
2019-09-17,420.65
2019-09-18,417.01
2019-09-19,418.52
2019-09-20,417.41
2019-09-23,420.38
2019-09-24,414.8
2019-09-25,411.72
2019-09-26,411.39
2019-09-27,409.6
2019-09-30,403.61
2019-10-01,402.31
2019-10-02,397.18
2019-10-03,397.36
2019-10-04,399.47
2019-10-07,399.21
2019-10-08,399.49
2019-10-09,400.18
2019-10-10,402.16
2019-10-11,409.42
2019-10-14,405.25
2019-10-15,403.38
2019-10-16,405.32
2019-10-17,407.09
2019-10-18,406.7
2019-10-21,404.01
2019-10-22,406.9
2019-10-23,412.75
2019-10-24,414.49
2019-10-25,416.23
2019-10-28,414.03
2019-10-29,413.97
2019-10-30,411.73
2019-10-31,407.51
2019-11-01,416.88
2019-11-04,419.2
2019-11-05,421.93
2019-11-06,416.93
2019-11-07,418.7
2019-11-08,419.11
2019-11-11,416.52
2019-11-12,417.32
2019-11-13,418.03
2019-11-14,417.15
2019-11-15,420.5
2019-11-18,415.65
2019-11-19,409.67
2019-11-20,415.38
2019-11-21,420.82
2019-11-22,418.93
2019-11-25,420.02
2019-11-26,422.06
2019-11-27,420.34
2019-11-29,409.19
2019-12-02,410.79
2019-12-03,410.75
2019-12-04,418.75
2019-12-05,419.66
2019-12-06,422.74
2019-12-09,421.64
2019-12-10,423.2
2019-12-11,420.28
2019-12-12,423.64
2019-12-13,428.05
2019-12-16,431.09
2019-12-17,433.8
2019-12-18,433.11
2019-12-19,434.96
2019-12-20,433.3
2019-12-23,433.04
2019-12-24,435.99
2019-12-26,439.7
2019-12-27,440.27
2019-12-30,439.58
2019-12-31,436.22
2020-01-02,436.82
2020-01-03,443.35
2020-01-06,444.63
2020-01-07,442.35
2020-01-08,431.04
2020-01-09,430.6
2020-01-10,430.12
2020-01-13,426.27
2020-01-14,427.72
2020-01-15,425.45
2020-01-16,425.84
2020-01-17,426.91
2020-01-21,425.14
2020-01-22,418.53
2020-01-23,413.65
2020-01-24,406.27
2020-01-27,398.34
2020-01-28,400.39
2020-01-29,398.75
2020-01-30,392.02
2020-01-31,388.8
2020-02-03,381.35
2020-02-04,380.33
2020-02-05,386.28
2020-02-06,387.19
2020-02-07,386.2
2020-02-10,382.18
2020-02-11,384.56
2020-02-12,392.04
2020-02-13,394.01
2020-02-14,396.23
2020-02-18,398.34
2020-02-19,403.64
2020-02-20,403.22
2020-02-21,400.54
2020-02-24,389.26
2020-02-25,382.82
2020-02-26,376.2
2020-02-27,367.9
2020-02-28,358.44
2020-03-02,368.82
2020-03-03,371.06
2020-03-04,370.11
2020-03-05,365.27
2020-03-06,345.14
2020-03-09,305.29
2020-03-10,318.91
2020-03-11,313.29
2020-03-12,300.45
2020-03-13,298.4
2020-03-16,279
2020-03-17,273.87
2020-03-18,251.02
2020-03-19,269.53
2020-03-20,261.59
2020-03-23,263.63
2020-03-24,270.58
2020-03-25,273.38
2020-03-26,266.17
2020-03-27,261.54
2020-03-30,254.64
2020-03-31,255.54
2020-04-01,247.12
2020-04-02,263.95
2020-04-03,275.44
2020-04-06,271.7
2020-04-07,270.56
2020-04-08,277.08
2020-04-09,276.41
2020-04-13,280.12
2020-04-14,278.54
2020-04-15,270.95
2020-04-16,270.66
2020-04-17,270.57
2020-04-20,258.69
2020-04-21,228.24
2020-04-22,236.8
2020-04-23,243.35
2020-04-24,241.45
2020-04-27,230.45
2020-04-28,239.97
2020-04-29,246.03
2020-04-30,257.04
2020-05-01,256.49
2020-05-04,259.09
2020-05-05,274.17
2020-05-06,268.76
2020-05-07,271.34
2020-05-08,278.13
2020-05-11,274.1
2020-05-12,276.84
2020-05-13,272.9
2020-05-14,279.94
2020-05-15,285.15
2020-05-18,296.36
2020-05-19,296.49
2020-05-20,301.52
2020-05-21,301.52
2020-05-22,297.92
2020-05-26,303.49
2020-05-27,297.3
2020-05-28,299.51
2020-05-29,307.08
2020-06-01,307.35
2020-06-02,312.67
2020-06-03,313.91
2020-06-04,316
2020-06-05,325.54
2020-06-08,321.63
2020-06-09,324.41
2020-06-10,327.43
2020-06-11,314.79
2020-06-12,314.28
2020-06-15,317.2
2020-06-16,322.31
2020-06-17,321.63
2020-06-18,324.4
2020-06-19,327.64
2020-06-22,330.63
2020-06-23,329.77
2020-06-24,319.02
2020-06-25,320.22
2020-06-26,318.09
2020-06-29,324.51
2020-06-30,325.48
2020-07-01,328.74
2020-07-02,332.86
2020-07-06,334.28
2020-07-07,335.18
2020-07-08,337.25
2020-07-09,333.88
2020-07-10,337.9
2020-07-13,336.24
2020-07-14,335.75
2020-07-15,339.95
2020-07-16,338.3
2020-07-17,337.46
2020-07-20,337.3
2020-07-21,343.2
2020-07-22,343.67
2020-07-23,341.66
2020-07-24,342.01
2020-07-27,342.56
2020-07-28,341.36
2020-07-29,343.38
2020-07-30,337.76
2020-07-31,339.82
2020-08-03,344.71
2020-08-04,346.67
2020-08-05,350.3
2020-08-06,349.28
2020-08-07,345.15
2020-08-10,348.77
2020-08-11,347.09
2020-08-12,351.82
2020-08-13,352.05
2020-08-14,352.17
2020-08-17,357.21
2020-08-18,358.23
2020-08-19,358.53
2020-08-20,356.31
2020-08-21,353.36
2020-08-24,356.18
2020-08-25,360.04
2020-08-26,359.87
2020-08-27,358.83
2020-08-28,359.95
2020-08-31,358.21
2020-09-01,359.76
2020-09-02,353.72
2020-09-03,350.86
2020-09-04,347.11
2020-09-08,335.58
2020-09-09,341.06
2020-09-10,339.76
2020-09-11,341.05
2020-09-14,342.49
2020-09-15,345.14
2020-09-16,351.99
2020-09-17,356.23
2020-09-18,358.03
2020-09-21,347.36
2020-09-22,347.96
2020-09-23,347.73
2020-09-24,348.47
2020-09-25,348.23
2020-09-28,350.56
2020-09-29,344.88
2020-09-30,350.18
2020-10-01,343.47
2020-10-02,337.48
2020-10-05,347.38
2020-10-06,353.74
2020-10-07,353.48
2020-10-08,359.08
2020-10-09,360.58
2020-10-12,355.79
2020-10-13,358.41
2020-10-14,362.2
2020-10-15,363.22
2020-10-16,362.61
2020-10-19,362.14
2020-10-20,364.79
2020-10-21,360.11
2020-10-22,361.48
2020-10-23,358.77
2020-10-26,353.14
2020-10-27,357.26
2020-10-28,346.56
2020-10-29,341.16
2020-10-30,340.78
2020-11-02,345
2020-11-03,348.47
2020-11-04,354.79
2020-11-05,354.9
2020-11-06,349.62
2020-11-09,361.29
2020-11-10,368.94
2020-11-11,369.68
2020-11-12,368.35
2020-11-13,364.5
2020-11-16,369.03
2020-11-17,369.95
2020-11-18,372.68
2020-11-19,370.19
2020-11-20,373.87
2020-11-23,377.49
2020-11-24,385.7
2020-11-25,387.57
2020-11-27,388.06
2020-11-30,385.59
2020-12-01,383.56
2020-12-02,386.27
2020-12-03,386.68
2020-12-04,388.55
2020-12-07,386.37
2020-12-08,385.52
2020-12-09,387.12
2020-12-10,394.37
2020-12-11,393.72
2020-12-14,395.26
2020-12-15,398.36
2020-12-16,400.13
2020-12-17,404.51
2020-12-18,408.02
2020-12-21,402.18
2020-12-22,398.69
2020-12-23,404.54
2020-12-24,404.67
2020-12-28,401.83
2020-12-29,404.68
2020-12-30,407.83
2020-12-31,409.46
2021-01-04,408.05
2021-01-05,420.63
2021-01-06,422.7
2021-01-07,423.35
2021-01-08,427.56
2021-01-11,426.02
2021-01-12,433.55
2021-01-13,433.33
2021-01-14,436.94
2021-01-15,431.74
2021-01-19,432.33
2021-01-20,433.66
2021-01-21,433.36
2021-01-22,427.41
2021-01-25,431.49
2021-01-26,433.84
2021-01-27,433.31
2021-01-28,430.55
2021-01-29,430.99
2021-02-01,437.28
2021-02-02,441
2021-02-03,445.62
2021-02-04,447.25
2021-02-05,450.61
2021-02-08,457.73
2021-02-09,459.65
2021-02-10,459.49
2021-02-11,458.74
2021-02-12,463.95
2021-02-16,470.27
2021-02-17,473.15
2021-02-18,472.78
2021-02-19,470.09
2021-02-22,480.9
2021-02-23,481.16
2021-02-24,489.3
2021-02-25,488.67
2021-02-26,476.99
2021-03-01,472.62
2021-03-02,471.96
2021-03-03,474.61
2021-03-04,481.35
2021-03-05,491.43
2021-03-08,487.62
2021-03-09,484.87
2021-03-10,485.46
2021-03-11,493.41
2021-03-12,492.22
2021-03-15,491.91
2021-03-16,490.18
2021-03-17,488.61
2021-03-18,469.28
2021-03-19,475.1
2021-03-22,475.63
2021-03-23,461.39
2021-03-24,474.22
2021-03-25,462.3
2021-03-26,474.01
2021-03-29,474.58
2021-03-30,468.96
2021-03-31,467.41
2021-04-01,474.02
2021-04-05,464.33
2021-04-06,468.57
2021-04-07,469.95
2021-04-08,472.66
2021-04-09,471.16
2021-04-12,470.38
2021-04-13,473.69
2021-04-14,487.52
2021-04-15,490.15
2021-04-16,488.72
2021-04-19,490.58
2021-04-20,489.32
2021-04-21,487.19
2021-04-22,490.26
2021-04-23,494.1
2021-04-26,497.81
2021-04-27,501.96
2021-04-28,504.92
2021-04-29,508.65
2021-04-30,505.85
2021-05-03,509.63
2021-05-04,516.52
2021-05-05,519.21
2021-05-06,518.86
2021-05-07,523.03
2021-05-10,520.84
2021-05-11,524.41
2021-05-12,526.65
2021-05-13,511.52
2021-05-14,515
2021-05-17,520.92
2021-05-18,519.43
2021-05-19,507.45
2021-05-20,502.43
2021-05-21,506.4
2021-05-24,514.25
2021-05-25,512.51
2021-05-26,513.9
2021-05-27,521.12
2021-05-28,519.23
2021-06-01,528.08
2021-06-02,531.23
2021-06-03,527.04
2021-06-04,533.74
2021-06-07,529.65
2021-06-08,532.74
2021-06-09,531.92
2021-06-10,532.62
2021-06-11,532.03
2021-06-14,529.53
2021-06-15,529.68
2021-06-16,529.98
2021-06-17,515.51
2021-06-18,520.03
2021-06-21,525.52
2021-06-22,525.35
2021-06-23,528.35
2021-06-24,528.63
2021-06-25,529.97
2021-06-28,528.86
2021-06-29,530.03
2021-06-30,535.98
2021-07-01,540.53
2021-07-02,541.46
2021-07-06,528.83
2021-07-07,523.84
2021-07-08,524.96
2021-07-09,531.76
2021-07-12,531.75
2021-07-13,536.72
2021-07-14,531.43
2021-07-15,527.34
2021-07-16,528.17
2021-07-19,506.51
2021-07-20,512.63
2021-07-21,525.44
2021-07-22,531.69
2021-07-23,532.48
2021-07-26,535.33
2021-07-27,532.92
2021-07-28,535.58
2021-07-29,543.34
2021-07-30,541.13
2021-08-02,533.45
2021-08-03,530.15
2021-08-04,521.9
2021-08-05,526.04
2021-08-06,522.34
2021-08-09,512.53
2021-08-10,521.33
2021-08-11,525.08
2021-08-12,525.87
2021-08-13,524.74
2021-08-16,520.52
2021-08-17,515.43
2021-08-18,511.29
2021-08-19,500.4
2021-08-20,494.43
2021-08-23,510.65
2021-08-24,520.1
2021-08-25,524.33
2021-08-26,521.59
2021-08-27,529.1
2021-08-30,529.7
2021-08-31,527.37
2021-09-01,526.09
2021-09-02,532.64
2021-09-03,531.87
2021-09-07,525.1
2021-09-08,528.84
2021-09-09,525.1
2021-09-10,531.43
2021-09-13,533.38
2021-09-14,533.92
2021-09-15,545.01
2021-09-16,542.58
2021-09-17,538.85
2021-09-20,529.55
2021-09-21,529.1
2021-09-22,539.31
2021-09-23,546.01
2021-09-24,549.72
2021-09-27,558.69
2021-09-28,557.61
2021-09-29,554.51
2021-09-30,557.71
2021-10-01,561.91
2021-10-04,571.16
2021-10-05,579.28
2021-10-06,569.16
2021-10-07,573.86
2021-10-08,576.88
2021-10-11,581.23
2021-10-12,579.49
2021-10-13,579.2
2021-10-14,585.92
2021-10-15,591.73
2021-10-18,588.41
2021-10-19,589.88
2021-10-20,595.78
2021-10-21,585.83
2021-10-22,590.06
2021-10-25,596.52
2021-10-26,598.07
2021-10-27,590
2021-10-28,589.2
2021-10-29,588.21
2021-11-01,592.38
2021-11-02,592.95
2021-11-03,580.72
2021-11-04,573.62
2021-11-05,580.26
2021-11-08,582.56
2021-11-09,586.55
2021-11-10,579.21
2021-11-11,582.57
2021-11-12,579.62
2021-11-15,579.94
2021-11-16,580.36
2021-11-17,572.28
2021-11-18,575.03
2021-11-19,567.13
2021-11-22,571.35
2021-11-23,580.47
2021-11-24,581.01
2021-11-26,539.93
2021-11-29,542.48
2021-11-30,522.44
2021-12-01,521.29
2021-12-02,524.19
2021-12-03,525.15
2021-12-06,534.31
2021-12-07,544.61
2021-12-08,547.27
2021-12-09,541.61
2021-12-10,544.33
2021-12-13,541.82
2021-12-14,538.86
2021-12-15,536.29
2021-12-16,546.07
2021-12-17,540.29
2021-12-20,530.68
2021-12-21,544.64
2021-12-22,553.86
2021-12-23,558.35
2021-12-27,566.53
2021-12-28,566.18
2021-12-29,568.8
2021-12-30,567.97
2021-12-31,561.18
2022-01-03,564.48
2022-01-04,570.98
2022-01-05,575.15
2022-01-06,578.04
2022-01-07,578.11
2022-01-10,574.42
2022-01-11,587.99
2022-01-12,595.55
2022-01-13,590.07
2022-01-14,596.76
2022-01-18,603.72
2022-01-19,610.98
2022-01-20,611.42
2022-01-21,608.88
2022-01-24,601.58
2022-01-25,611.04
2022-01-26,619.55
2022-01-27,616.74
2022-01-28,620.35
2022-01-31,623.78
2022-02-01,626.69
2022-02-02,630.89
2022-02-03,635.03
2022-02-04,643.01
2022-02-07,639.93
2022-02-08,631.7
2022-02-09,636.98
2022-02-10,635.46
2022-02-11,643.08
2022-02-14,652.38
2022-02-15,638.65
2022-02-16,647.98
2022-02-17,641.92
2022-02-18,643.6
2022-02-22,656.22
2022-02-23,658.85
2022-02-24,667.6
2022-02-25,652.62
2022-02-28,673.05
2022-03-01,710.8
2022-03-02,746.07
2022-03-03,745.85
2022-03-04,783.32
2022-03-07,803.75
2022-03-08,822.3
2022-03-09,745.73
2022-03-10,727.48
2022-03-11,740.84
2022-03-14,716.1
2022-03-15,693.01
2022-03-16,684.42
2022-03-17,723.15
2022-03-18,725.61
2022-03-21,755.95
2022-03-22,755
2022-03-23,782.85
2022-03-24,774.76
2022-03-25,781.59
2022-03-28,746.63
2022-03-29,731.81
2022-03-30,750.92
2022-03-31,724.19
2022-04-01,721.21
2022-04-04,737.66
2022-04-05,734.83
2022-04-06,713.61
2022-04-07,709.11
2022-04-08,720.36
2022-04-11,706.81
2022-04-12,734.02
2022-04-13,751.15
2022-04-14,764.9
2022-04-18,776.28
2022-04-19,749.88
2022-04-20,751.05
2022-04-21,754.97
2022-04-22,745
2022-04-25,726.94
2022-04-26,742.03
2022-04-27,749.35
2022-04-28,757.05
2022-04-29,756.75
2022-05-02,760.61
2022-05-03,747.73
2022-05-04,771.37
2022-05-05,774.46
2022-05-06,769.37
2022-05-09,733.73
2022-05-10,723.24
2022-05-11,745.66
2022-05-12,744.53
2022-05-13,759.68
2022-05-16,776.4
2022-05-17,772.38
2022-05-18,754.73
2022-05-19,766.44
2022-05-20,765.76
2022-05-23,772.17
2022-05-24,769.02
2022-05-25,771.9
2022-05-26,785.81
2022-05-27,792.75
2022-05-31,786.45
2022-06-01,793.48
2022-06-02,800.34
2022-06-03,808.3
2022-06-06,816.44
2022-06-07,814.27
2022-06-08,818.63
2022-06-09,816.81
2022-06-10,804.8
2022-06-13,794.07
2022-06-14,781.17
2022-06-15,776.47
2022-06-16,783.07
2022-06-17,753.61
2022-06-21,755.44
2022-06-22,742.01
2022-06-23,724.63
2022-06-24,735.03
2022-06-27,737.16
2022-06-28,744.91
2022-06-29,737.16
2022-06-30,709.23
2022-07-01,719.67
2022-07-05,674.69
2022-07-06,664.15
2022-07-07,691.2
2022-07-08,697.69
2022-07-11,696.31
2022-07-12,657.75
2022-07-13,659.71
2022-07-14,648.09
2022-07-15,658.47
2022-07-18,681.38
2022-07-19,679.94
2022-07-20,681.89
2022-07-21,665.65
2022-07-22,663.45
2022-07-25,672.8
2022-07-26,674.37
2022-07-27,683.99
2022-07-28,683.92
2022-07-29,692.64
2022-08-01,671.69
2022-08-02,666.98
2022-08-03,656.84
2022-08-04,649.47
2022-08-05,649.27
2022-08-08,650.72
2022-08-09,655.16
2022-08-10,664.01
2022-08-11,677.61
2022-08-12,672.69
2022-08-15,659.53
2022-08-16,652.2
2022-08-17,657.55
2022-08-18,665.55
2022-08-19,670.09
2022-08-22,672.33
2022-08-23,684.93
2022-08-24,691.74
2022-08-25,683.94
2022-08-26,688.96
2022-08-29,702.23
2022-08-30,676.1
2022-08-31,665.93
2022-09-01,648.82
2022-09-02,651.45
2022-09-06,647.66
2022-09-07,630.97
2022-09-08,633.8
2022-09-09,649.89
2022-09-12,657.66
2022-09-13,652.61
2022-09-14,653.93
2022-09-15,632.94
2022-09-16,631.58
2022-09-19,634.16
2022-09-20,633.94
2022-09-21,629.97
2022-09-22,631.29
2022-09-23,606.31
2022-09-26,593.92
2022-09-27,601.01
2022-09-28,618.63
2022-09-29,615.79
2022-09-30,607.76
2022-10-03,623.23
2022-10-04,642.03
2022-10-05,650.61
2022-10-06,654.3
2022-10-07,666.73
2022-10-10,658.26
2022-10-11,646.89
2022-10-12,639.93
2022-10-13,647.9
2022-10-14,631.89
2022-10-17,630.92
2022-10-18,620.78
2022-10-19,624.22
2022-10-20,624.6
2022-10-21,625.58
2022-10-24,626.29
2022-10-25,631.02
2022-10-26,642.04
2022-10-27,643.83
2022-10-28,636.53
2022-10-31,636.84
2022-11-01,641.53
2022-11-02,649.27
2022-11-03,644.84
2022-11-04,665.95
2022-11-07,662.5
2022-11-08,649.71
2022-11-09,634.11
2022-11-10,637.36
2022-11-11,646.73
2022-11-14,637.62
2022-11-15,643.47
2022-11-16,638.48
2022-11-17,623.94
2022-11-18,618.85
2022-11-21,617.84
2022-11-22,623.98
2022-11-23,614.88
2022-11-25,604.91
2022-11-28,603.41
2022-11-29,608.29
2022-11-30,621.11
2022-12-01,620.92
2022-12-02,611.52
2022-12-05,593.76
2022-12-06,579.23
2022-12-07,573.05
2022-12-08,572.5
2022-12-09,572.44
2022-12-12,582.64
2022-12-13,596.39
2022-12-14,602.87
2022-12-15,597.8
2022-12-16,588.21
2022-12-19,586.52
2022-12-20,588.22
2022-12-21,599.42
2022-12-22,594.02
2022-12-23,605.79
2022-12-27,610.71
2022-12-28,605.9
2022-12-29,602.84
2022-12-30,610.07
2023-01-03,590.63
2023-01-04,571.24
2023-01-05,571.13
2023-01-06,573.29
2023-01-09,580.24
2023-01-10,581.13
2023-01-11,592.49
2023-01-12,599.56
2023-01-13,605.79
2023-01-17,609.06
2023-01-18,606.69
2023-01-19,609.58
2023-01-20,616.16
2023-01-23,618.94
2023-01-24,612.22
2023-01-25,610.12
2023-01-26,615.19
2023-01-27,608.9
2023-01-30,599.87
2023-01-31,606.06
2023-02-01,591
2023-02-02,587.89
2023-02-03,574.5
2023-02-06,574.19
2023-02-07,587.86
2023-02-08,592.08
2023-02-09,589.23
2023-02-10,597.6
2023-02-13,599.68
2023-02-14,597.6
2023-02-15,591.81
2023-02-16,590.62
2023-02-17,581.51
2023-02-21,584.31
2023-02-22,573.82
2023-02-23,576.18
2023-02-24,577.58
2023-02-27,577.52
2023-02-28,581.87
2023-03-01,587.87
2023-03-02,588.12
2023-03-03,595.85
2023-03-06,594.24
2023-03-07,582.01
2023-03-08,577.66
2023-03-09,570.86
2023-03-10,575.92
2023-03-13,570.8
2023-03-14,559.79
2023-03-15,540.66
2023-03-16,545.26
2023-03-17,541.62
2023-03-20,543.45
2023-03-21,548.28
2023-03-22,552.46
2023-03-23,550.16
2023-03-24,549.38
2023-03-27,562.62
2023-03-28,565.83
2023-03-29,563.22
2023-03-30,566.65
2023-03-31,574.02
2023-04-03,589.85
2023-04-04,588.35
2023-04-05,590.15
2023-04-06,588.69
2023-04-10,586.92
2023-04-11,592.03
2023-04-12,597.73
2023-04-13,593.72
2023-04-14,594.9
2023-04-17,591.39
2023-04-18,593.16
2023-04-19,583.66
2023-04-20,574.3
2023-04-21,573.9
2023-04-24,577.58
2023-04-25,567.96
2023-04-26,556.94
2023-04-27,556.26
2023-04-28,564.97
2023-05-01,560.11
2023-05-02,543.27
2023-05-03,532.07
2023-05-04,532.77
2023-05-05,545.59
2023-05-08,553.52
2023-05-09,554.17
2023-05-10,550.52
2023-05-11,540.7
2023-05-12,538.91
2023-05-15,546.38
2023-05-16,542.67
2023-05-17,549.27
2023-05-18,545
2023-05-19,543.42
2023-05-22,544.44
2023-05-23,546.47
2023-05-24,551.25
2023-05-25,541.43
2023-05-26,546.86
2023-05-30,532.57
2023-05-31,528.22
2023-06-01,537.41
2023-06-02,545.58
2023-06-05,547.69
2023-06-06,548.2
2023-06-07,549.01
2023-06-08,545.51
2023-06-09,539.81
2023-06-12,527.39
2023-06-13,536.64
2023-06-14,533.35
2023-06-15,547.97
2023-06-16,557.22
2023-06-20,550.61
2023-06-21,559.92
2023-06-22,547.04
2023-06-23,541.56
2023-06-26,542.64
2023-06-27,533.71
2023-06-28,535.38
2023-06-29,535.55
2023-06-30,540.46
2023-07-03,536.66
2023-07-05,545.76
2023-07-06,544.14
2023-07-07,551.84
2023-07-10,549.89
2023-07-11,557.68
2023-07-12,559.22
2023-07-13,565.42
2023-07-14,562.52
2023-07-17,555.83
2023-07-18,564.2
2023-07-19,567.82
2023-07-20,569.89
2023-07-21,574.72
2023-07-24,586.05
2023-07-25,588.87
2023-07-26,585.22
2023-07-27,588.41
2023-07-28,590.94
2023-07-31,593.4
2023-08-01,591.68
2023-08-02,580.71
2023-08-03,587.4
2023-08-04,591.69
2023-08-07,588.32
2023-08-08,590.5
2023-08-09,597.7
2023-08-10,591.9
2023-08-11,590.75
2023-08-14,586.34
2023-08-15,577.46
2023-08-16,573.56
2023-08-17,577.18
2023-08-18,582.04
2023-08-21,579.51
2023-08-22,578.13
2023-08-23,577.75
2023-08-24,579.09
2023-08-25,585.02
2023-08-28,585.12
2023-08-29,586.73
2023-08-30,586.77
2023-08-31,591.42
2023-09-01,598.98
2023-09-05,604.21
2023-09-06,605.1
2023-09-07,603.88
2023-09-08,606.99
2023-09-11,609.28
2023-09-12,612.4
2023-09-13,613.01
2023-09-14,619.63
2023-09-15,618.05
2023-09-18,616.92
2023-09-19,617.52
2023-09-20,614.47
2023-09-21,612.1
2023-09-22,611.24
2023-09-25,609.19
2023-09-26,609.05
2023-09-27,618.3
2023-09-28,615.72
2023-09-29,609.67
2023-10-02,602.01
2023-10-03,600.28
2023-10-04,579.73
2023-10-05,573.27
2023-10-06,575.71
2023-10-09,587.64
2023-10-10,585.09
2023-10-11,577.21
2023-10-12,577.98
2023-10-13,595.85
2023-10-16,591.33
2023-10-17,591.4
2023-10-18,598.98
2023-10-19,602.41
2023-10-20,600.8
2023-10-23,590.77
2023-10-24,583.46
2023-10-25,589.01
2023-10-26,582.78
2023-10-27,591.41
2023-10-30,579.51
2023-10-31,576.97
2023-11-01,575.29
2023-11-02,584.18
2023-11-03,577.89
2023-11-06,578.67
2023-11-07,562.58
2023-11-08,555.76
2023-11-09,554.8
2023-11-10,558.05
2023-11-13,566.97
2023-11-14,567.56
2023-11-15,563.52
2023-11-16,547.61
2023-11-17,556.75
2023-11-20,565
2023-11-21,566.35
2023-11-22,561.71
2023-11-24,554.54
2023-11-27,549.74
2023-11-28,558.48
2023-11-29,563.38
2023-11-30,555.77
2023-12-01,548.71
2023-12-04,543.05
2023-12-05,539.9
2023-12-06,525.05
2023-12-07,525.14
2023-12-08,531.9
2023-12-11,530.4
2023-12-12,520.26
2023-12-13,522.71
2023-12-14,535.48
2023-12-15,537.56
2023-12-18,541.55
2023-12-19,546.27
2023-12-20,545.82
2023-12-21,543.79
2023-12-22,543.73
2023-12-26,551.15
2023-12-27,547.06
2023-12-28,538.9
2023-12-29,535.64
2024-01-02,530.49
2024-01-03,539.16
2024-01-04,536.99
2024-01-05,541.76
2024-01-08,530.19
2024-01-09,538.19
2024-01-10,533.73
2024-01-11,537.07
2024-01-12,538.33
2024-01-16,537.01
2024-01-17,534.31
2024-01-18,540.64
2024-01-19,538.83
2024-01-22,543.86
2024-01-23,545.43
2024-01-24,549.86
2024-01-25,558.65
2024-01-26,561.45
2024-01-29,556.18
2024-01-30,561.23
2024-01-31,555.07
2024-02-01,547.57
2024-02-02,540.01
2024-02-05,541.29
2024-02-06,544.69
2024-02-07,547.75
2024-02-08,556.1
2024-02-09,558.99
2024-02-12,558.07
2024-02-13,559.3
2024-02-14,552.7
2024-02-15,556.09
2024-02-16,558.95
2024-02-20,553.87
2024-02-21,557.33
2024-02-22,559.29
2024-02-23,550.94
2024-02-26,555.92
2024-02-27,561.24
2024-02-28,557.74
2024-02-29,557.93
2024-03-01,564.66
2024-03-04,561.23
2024-03-05,557.53
2024-03-06,562.02
2024-03-07,563.56
2024-03-08,559.46
2024-03-11,561.76
2024-03-12,561.32
2024-03-13,570.29
2024-03-14,573.85
2024-03-15,575.34
2024-03-18,582.4
2024-03-19,582.91
2024-03-20,577.15
2024-03-21,576.95
2024-03-22,574.44
2024-03-25,579.76
2024-03-26,575.57
2024-03-27,573.89
2024-03-28,582.48
2024-04-01,583.88
2024-04-02,590.57
2024-04-03,595.03
2024-04-04,599.18
2024-04-05,601.91
2024-04-08,599.17
2024-04-09,595.7
2024-04-10,598.09
2024-04-11,594.13
2024-04-12,598.32
2024-04-15,596.95
2024-04-16,596.81
2024-04-17,587.15
2024-04-18,586.46
2024-04-19,590.27
2024-04-22,589.96
2024-04-23,593.82
2024-04-24,592.16
2024-04-25,594.6
2024-04-26,595.94
2024-04-29,592.56
2024-04-30,586.17
2024-05-01,572.67
2024-05-02,573.17
2024-05-03,573.19
2024-05-06,576.95
2024-05-07,577.74
2024-05-08,577.29
2024-05-09,578.95
2024-05-10,577.15
2024-05-13,579.5
2024-05-14,575.52
2024-05-15,578.87
2024-05-16,581.57
2024-05-17,587.48
2024-05-20,591.05
2024-05-21,588.94
2024-05-22,583.19
2024-05-23,579.89
2024-05-24,581.69
2024-05-28,592.44
2024-05-29,587.53
2024-05-30,578.31
2024-05-31,573.28
2024-06-03,563.82
2024-06-04,557.9
2024-06-05,560.01
2024-06-06,569.12
2024-06-07,564.42
2024-06-10,571.7
2024-06-11,573
2024-06-12,576.48
2024-06-13,577.03
2024-06-14,575.09
2024-06-17,577.35
2024-06-18,582.33
2024-06-20,583.02
2024-06-21,579.06
2024-06-24,582.21
2024-06-25,577.37
2024-06-26,577.67
2024-06-27,580.49
2024-06-28,578.39
2024-07-01,584.55
2024-07-02,584.45
2024-07-03,588.72
2024-07-05,587.1
2024-07-08,579.83
2024-07-09,573.78
2024-07-10,573.02
2024-07-11,574.33
2024-07-12,572.39
2024-07-15,568.81
2024-07-16,564.21
2024-07-17,568.46
2024-07-18,566.72
2024-07-19,555.85
2024-07-22,556.89
2024-07-23,551.41
2024-07-24,553.92
2024-07-25,554.99
2024-07-26,549.28
2024-07-29,543.14
2024-07-30,539.11
2024-07-31,551.44
2024-08-01,544.37
2024-08-02,533.06
2024-08-05,529.35
2024-08-06,530.76
2024-08-07,537.37
2024-08-08,539.4
2024-08-09,542.08
2024-08-12,551.83
2024-08-13,544.41
2024-08-14,541.85
2024-08-15,546.51
2024-08-16,540.08
2024-08-19,536.75
2024-08-20,534.33
2024-08-21,530.51
2024-08-22,532.14
2024-08-23,540.46
2024-08-26,549.3
2024-08-27,544.54
2024-08-28,538.15
2024-08-29,544.08
2024-08-30,536.75
2024-09-03,524.79
2024-09-04,520.2
2024-09-05,520.15
2024-09-06,511.06
2024-09-09,514.82
2024-09-10,504.22
2024-09-11,510.8
2024-09-12,518.97
2024-09-13,519.1
2024-09-16,523.58
2024-09-17,527.64
2024-09-18,528.58
2024-09-19,533.99
2024-09-20,533.41
2024-09-23,534.36
2024-09-24,541.14
2024-09-25,536.8
2024-09-26,531.19
2024-09-27,532.93
2024-09-30,532.88
2024-10-01,540.87
2024-10-02,543.51
2024-10-03,555.54
2024-10-04,557.37
2024-10-07,566.65
2024-10-08,550.81
2024-10-09,547.77
2024-10-10,559.25
2024-10-11,559.64
2024-10-14,550.4
2024-10-15,536.76
2024-10-16,536.06
2024-10-17,537.02
2024-10-18,531.99
2024-10-21,536.49
2024-10-22,545.37
2024-10-23,542
2024-10-24,540.45
2024-10-25,546.32
2024-10-28,527.5
2024-10-29,527.51
2024-10-30,533.39
2024-10-31,534.2
2024-11-01,534.8
2024-11-04,543.04
2024-11-05,545.5
2024-11-06,541.48
2024-11-07,547.22
2024-11-08,538.42
2024-11-11,530.42
2024-11-12,530.5
2024-11-13,531.48
2024-11-14,530.34
2024-11-15,527.19
2024-11-18,538.05
2024-11-19,539.26
2024-11-20,539.27
2024-11-21,543.84
2024-11-22,547.19
2024-11-25,538.59
2024-11-26,538.99
2024-11-27,536.79
2024-11-29,535.71
2024-12-02,533.28
2024-12-03,540.02
2024-12-04,535.17
2024-12-05,534.62
2024-12-06,531.48
2024-12-09,537.23
2024-12-10,538.86
2024-12-11,545.36
2024-12-12,543.17
2024-12-13,546.3
2024-12-16,543.15
2024-12-17,538.76
2024-12-18,539.94
2024-12-19,535.88
2024-12-20,539.07
2024-12-23,537.33
2024-12-24,541.75
2024-12-26,540
2024-12-27,543.15
2024-12-30,547.91
2024-12-31,549.64
2025-01-02,555.63
2025-01-03,553.64
2025-01-06,555.82
2025-01-07,557.34
2025-01-08,552.88
2025-01-09,557.95
2025-01-10,570.97
2025-01-13,576.13
2025-01-14,571.9
2025-01-15,581.77
2025-01-16,579.33
2025-01-17,577.96
2025-01-21,572.99
2025-01-22,572.27
2025-01-23,570.26
2025-01-24,571.14
2025-01-27,562.49
2025-01-28,564.34
