"Date","Price","Open","High","Low","Vol.","Change.."
2005-01-02,418.95,"437.75","418.95","418.95","","-4.45%"
2005-01-09,423.15,"419.25","423.15","423.15","","1.00%"
2005-01-16,426.75,"422.5","426.75","426.75","","0.85%"
2005-01-23,426.8,"427.4","426.8","426.8","","0.01%"
2005-01-30,414.6,"426.4","414.6","414.6","","-2.86%"
2005-02-06,420.88,"414.62","420.88","420.88","","1.51%"
2005-02-13,427.43,"420.62","427.43","427.43","","1.56%"
2005-02-20,434.93,"428.77","434.93","434.93","","1.75%"
2005-02-27,434,"434.9","434","434","","-0.21%"
2005-03-06,445.85,"433.95","445.85","445.85","","2.73%"
2005-03-13,439.35,"445.6","439.35","439.35","","-1.46%"
2005-03-20,426.25,"439.5","426.25","426.25","","-2.98%"
2005-03-27,426.15,"425.35","426.15","426.15","","-0.02%"
2005-04-03,425.12,"425.88","425.12","425.12","","-0.24%"
2005-04-10,425,"426.9","425","425","","-0.03%"
2005-04-17,434.6,"424.65","434.6","434.6","","2.26%"
2005-04-24,434.88,"434.07","434.88","434.88","","0.06%"
2005-05-01,425.73,"434.38","425.73","425.73","","-2.10%"
2005-05-08,420.4,"426.4","420.4","420.4","","-1.25%"
2005-05-15,417.77,"420.38","417.77","417.77","","-0.63%"
2005-05-22,420.05,"417.65","420.05","420.05","","0.55%"
2005-05-29,422.45,"419.6","422.45","422.45","","0.57%"
2005-06-05,427.35,"422.65","427.35","427.35","","1.16%"
2005-06-12,438.35,"425.85","438.35","438.35","","2.57%"
2005-06-19,440.55,"438.1","440.55","440.55","","0.50%"
2005-06-26,427.65,"439.6","427.65","427.65","","-2.93%"
2005-07-03,423.05,"428.35","423.05","423.05","","-1.08%"
2005-07-10,421.55,"423.85","421.55","421.55","","-0.35%"
2005-07-17,424.9,"421.4","424.9","424.9","","0.79%"
2005-07-24,430.2,"425.2","430.2","430.2","","1.25%"
2005-07-31,437.95,"429.85","437.95","437.95","","1.80%"
2005-08-07,446.2,"437.4","446.2","446.2","","1.88%"
2005-08-14,436.3,"446.25","436.3","436.3","","-2.22%"
2005-08-21,437.6,"437.4","437.6","437.6","","0.30%"
2005-08-28,444.65,"438.75","444.65","444.65","","1.61%"
2005-09-04,449.25,"444.35","449.25","449.25","","1.03%"
2005-09-11,459.75,"449.85","459.75","459.75","","2.34%"
2005-09-18,463.25,"459.35","463.25","463.25","","0.76%"
2005-09-25,469.15,"463.85","469.15","469.15","","1.27%"
2005-10-02,474.15,"467.6","474.15","474.15","","1.07%"
2005-10-09,469.6,"474.65","469.6","469.6","","-0.96%"
2005-10-16,466.88,"469.62","466.88","466.88","","-0.58%"
2005-10-23,473.45,"466.2","473.45","473.45","","1.41%"
2005-10-30,456.6,"472.9","456.6","456.6","","-3.56%"
2005-11-06,468.7,"457","468.7","468.7","","2.65%"
2005-11-13,485.8,"469.4","485.8","485.8","","3.65%"
2005-11-20,496.07,"485.12","496.07","496.07","","2.11%"
2005-11-27,503.4,"497.15","503.4","503.4","","1.48%"
2005-12-04,526.05,"504.35","526.05","526.05","","4.50%"
2005-12-11,503.3,"527.4","503.3","503.3","","-4.32%"
2005-12-18,503,"504.9","503","503","","-0.06%"
2005-12-25,517.6,"503.9","517.6","517.6","","2.90%"
2006-01-01,539.65,"517.1","539.65","539.65","","4.26%"
2006-01-08,556.88,"539.38","556.88","556.88","","3.19%"
2006-01-15,553.8,"556.9","568","553.4","","-0.55%"
2006-01-22,559.55,"553.45","566.65","549.45","","1.04%"
2006-01-29,567.65,"558.45","575.05","558.35","","1.45%"
2006-02-05,550.95,"569.2","573.95","545.35","","-2.94%"
2006-02-12,552.15,"550.35","554.45","534.95","","0.22%"
2006-02-19,558.95,"552.2","559.95","547.45","","1.23%"
2006-02-26,565.05,"558.45","570.95","552.65","","1.09%"
2006-03-05,540.35,"565.95","568.6","534.05","","-4.37%"
2006-03-12,553.85,"541.2","557.95","540.95","","2.50%"
2006-03-19,560.45,"554.55","561.15","545.05","","1.19%"
2006-03-26,583.65,"559.95","589.15","558.65","","4.14%"
2006-04-02,588.45,"582.95","598.45","582.25","","0.82%"
2006-04-09,599.8,"589.25","604.5","588.4","","1.93%"
2006-04-16,634,"600.4","646.15","600.4","","5.70%"
2006-04-23,654.5,"639.5","655.8","619","","3.23%"
2006-04-30,682.7,"654.6","684.6","652.4","","4.31%"
2006-05-07,714.8,"685.2","730.5","670.5","","4.70%"
2006-05-14,657.6,"714.1","720.9","651.4","","-8.00%"
2006-05-21,652,"656.6","674","636.6","","-0.85%"
2006-05-28,638.2,"653.15","665","618.9","","-2.12%"
2006-06-04,607.45,"638.65","645.35","601","","-4.82%"
2006-06-11,580.85,"603.85","611.75","543.35","","-4.38%"
2006-06-18,583.35,"580.35","595.15","560.85","","0.43%"
2006-06-25,613.1,"584.9","615.9","576.9","","5.10%"
2006-07-02,630.55,"618.25","637.75","617.25","","2.85%"
2006-07-09,665.15,"630.25","668.5","620.75","","5.49%"
2006-07-16,620.75,"668.75","676.75","616.25","","-6.68%"
2006-07-23,635.9,"621","641","602.1","","2.44%"
2006-07-30,646.45,"636.75","656.2","629.65","","1.66%"
2006-08-06,632.7,"644.3","655.05","626.5","","-2.13%"
2006-08-13,615,"633.4","633.4","607.4","","-2.80%"
2006-08-20,623.25,"614.35","631.55","614.15","","1.34%"
2006-08-27,625.5,"622.1","628.1","607.3","","0.36%"
2006-09-03,610.8,"625.05","640.75","606.7","","-2.35%"
2006-09-10,579.85,"610.15","611.15","571.95","","-5.07%"
2006-09-17,588.3,"581.1","593","572.8","","1.46%"
2006-09-24,598.3,"589.25","607","582.5","","1.70%"
2006-10-01,573.8,"598.5","604.2","559.9","","-4.09%"
2006-10-08,590,"575.5","590.8","569.3","","2.82%"
2006-10-15,591.9,"591","602.7","585.9","","0.32%"
2006-10-22,600.05,"590.75","600.05","573.85","","1.38%"
2006-10-29,628,"599","629","598.5","","4.66%"
2006-11-05,628.7,"626.5","637","613.4","","0.11%"
2006-11-12,622,"629.1","632.9","614.8","","-1.07%"
2006-11-19,638.2,"621.5","640.3","620.9","","2.60%"
2006-11-26,645.8,"639","650","632.7","","1.19%"
2006-12-03,625.15,"645.5","649.25","625.15","","-3.20%"
2006-12-10,615.25,"625.15","631.5","614.95","","-1.58%"
2006-12-17,621,"615.4","624.5","611.8","","0.93%"
2006-12-24,636.8,"620.5","636.8","620","","2.54%"
2006-12-31,607.4,"637.3","645.4","602.2","","-4.62%"
2007-01-07,626.9,"608.75","627.7","604.4","","3.21%"
2007-01-14,635.5,"626.2","636.9","620.7","","1.37%"
2007-01-21,646.6,"635.75","654.5","632.7","","1.75%"
2007-01-28,648.25,"646.15","661.85","641.05","","0.26%"
2007-02-04,666.65,"648.35","668.15","646.45","","2.84%"
2007-02-11,669.05,"667.95","672.2","660","","0.36%"
2007-02-18,682.85,"669.35","688.55","655.75","","2.06%"
2007-02-25,642.95,"681.65","689.35","640.15","","-5.84%"
2007-03-04,650.27,"643.67","658.38","632.67","","1.14%"
2007-03-11,652.9,"649.25","655.6","637","","0.40%"
2007-03-18,657.1,"653.2","667.1","652.1","","0.64%"
2007-03-25,663.6,"657.75","670","655.3","","0.99%"
2007-04-01,674.5,"665.7","676.3","656.7","","1.64%"
2007-04-08,685.6,"674.25","686.3","669.75","","1.65%"
2007-04-15,691.35,"686.25","693.85","678.95","","0.84%"
2007-04-22,680.95,"693.25","693.85","670.95","","-1.50%"
2007-04-29,688.75,"681.95","691.4","668.05","","1.15%"
2007-05-06,671.05,"688.55","691.55","664.75","","-2.57%"
2007-05-13,661.65,"672.05","675.5","654.15","","-1.40%"
2007-05-20,656.15,"662.75","665.75","652.05","","-0.83%"
2007-05-27,671.45,"655.9","672.7","652.35","","2.33%"
2007-06-03,648.55,"671.55","674.7","645.15","","-3.41%"
2007-06-10,655.75,"649.35","656.2","643.65","","1.11%"
2007-06-17,654.35,"655.65","662.15","648.25","","-0.21%"
2007-06-24,649.65,"654.65","655.35","639.65","","-0.72%"
2007-07-01,655.9,"651.15","659.2","645.4","","0.96%"
2007-07-08,667.3,"656.4","669.45","653.8","","1.74%"
2007-07-15,683.7,"666.4","686.4","662.4","","2.46%"
2007-07-22,661.4,"684.1","687.5","657.3","","-3.26%"
2007-07-29,673.3,"661.1","674.6","659.4","","1.80%"
2007-08-05,672.8,"673","677","658.5","","-0.07%"
2007-08-12,657.2,"672.3","673","641.4","","-2.32%"
2007-08-19,668.4,"656.6","669.5","653.6","","1.70%"
2007-08-26,673,"668.9","674.7","661.8","","0.69%"
2007-09-02,700.8,"673.3","707.4","671.3","","4.13%"
2007-09-09,707.1,"700.4","717.4","699.3","","0.90%"
2007-09-16,731.2,"706.7","739.4","706.4","","3.41%"
2007-09-23,744.1,"729.6","745.9","722.7","","1.76%"
2007-09-30,742.7,"744.2","748.05","721.1","","-0.19%"
2007-10-07,749.6,"741.65","754","727.15","","0.93%"
2007-10-14,765.2,"749.3","770.4","747.8","","2.08%"
2007-10-21,785.4,"766.7","786.1","745.9","","2.64%"
2007-10-28,807.5,"784.8","808.1","777.1","","2.81%"
2007-11-04,831.7,"807.4","845.8","801.3","","3.00%"
2007-11-11,787.3,"830.9","831","782.75","","-5.34%"
2007-11-18,823.4,"786.5","826.1","773","","4.59%"
2007-11-25,782.9,"821.4","837.1","779.1","","-4.92%"
2007-12-02,795.6,"783.1","807.1","777.4","","1.62%"
2007-12-09,794.9,"794.8","817.4","788","","-0.09%"
2007-12-16,810.8,"793.8","812.6","785.4","","2.00%"
2007-12-23,839,"811.7","840.2","804.15","","3.48%"
2007-12-30,861.5,"839.5","869.45","832.1","","2.68%"
2008-01-06,895.75,"860.75","898.35","855.55","","3.98%"
2008-01-13,884.55,"897.95","914.35","870.45","","-1.25%"
2008-01-20,913.5,"881.75","923.9","850","","3.27%"
2008-01-27,910.38,"915.62","936.88","905.08","","-0.34%"
2008-02-03,918.35,"906.1","920.45","885.65","","0.88%"
2008-02-10,902.7,"921.4","927.3","896.5","","-1.70%"
2008-02-17,945.5,"903.2","954","900.5","","4.74%"
2008-02-24,972.48,"945.98","976.27","926.77","","2.85%"
2008-03-02,973.4,"973.4","992.3","959.85","","0.09%"
2008-03-09,993.2,"973.4","1,007.50","961.4","","2.03%"
2008-03-16,919.5,"1,002.90","1,031.20","905.05","","-7.42%"
2008-03-23,930.4,"915.6","954.9","906.4","","1.19%"
2008-03-30,913.3,"931.6","941.2","873.3","","-1.84%"
2008-04-06,925.3,"912.7","939.8","903.2","","1.31%"
2008-04-13,916.4,"919.6","953","904.75","","-0.96%"
2008-04-20,886.15,"919.5","929.5","878.6","","-3.30%"
2008-04-27,856.45,"888.5","896.8","846","","-3.35%"
2008-05-04,884.9,"858.8","890.8","858.55","","3.32%"
2008-05-11,902.3,"884.2","905.7","860.3","","1.97%"
2008-05-18,925.2,"904","936.3","901.55","","2.54%"
2008-05-25,886.9,"925.4","931.5","871","","-4.14%"
2008-06-01,902.35,"887.75","902.45","865.45","","1.74%"
2008-06-08,871.2,"902.85","909.7","857.8","","-3.45%"
2008-06-15,901.85,"869.85","908.9","867.5","","3.52%"
2008-06-22,927.85,"901.95","931.1","874.2","","2.88%"
2008-06-29,933.3,"929.2","947.5","919","","0.59%"
2008-07-06,964.7,"933.35","968.6","913.5","","3.36%"
2008-07-13,955.3,"966.05","988.75","950.5","","-0.97%"
2008-07-20,929.7,"956.25","976.95","916.8","","-2.68%"
2008-07-27,910.55,"929.3","934","894.5","","-2.06%"
2008-08-03,856.35,"910.45","916.2","851.5","","-5.95%"
2008-08-10,786.5,"856.85","866.5","774.9","","-8.16%"
2008-08-17,823.1,"793.75","840","783.05","","4.65%"
2008-08-24,830.8,"825.85","845","807.7","","0.94%"
2008-08-31,803.8,"835.5","836.3","790.05","","-3.25%"
2008-09-07,764.45,"806","819","737","","-4.90%"
2008-09-14,873.15,"767","904.6","766.4","","14.22%"
2008-09-21,879.9,"873.15","912.65","862.9","","0.77%"
2008-09-28,836.8,"883","922","820.7","","-4.90%"
2008-10-05,851.4,"836","935","827.5","","1.74%"
2008-10-12,783.7,"851.4","873","773.3","","-7.95%"
2008-10-19,735.3,"782.9","810.2","682.8","","-6.18%"
2008-10-26,725.05,"735.35","778.3","708.1","","-1.39%"
2008-11-02,737.45,"724.35","769.5","722.55","","1.71%"
2008-11-09,742.55,"736.3","769.3","701.75","","0.69%"
2008-11-16,800,"743.35","802.2","727.5","","7.74%"
2008-11-23,817.5,"802.45","832.1","787.45","","2.19%"
2008-11-30,757.4,"816.5","819.75","741.9","","-7.35%"
2008-12-07,821.95,"755.3","835.3","754.15","","8.52%"
2008-12-14,838.35,"822.05","882.7","822.05","","2.00%"
2008-12-21,869.65,"839.25","871.6","830.7","","3.73%"
2008-12-28,876.55,"868.8","891.05","856.75","","0.79%"
2009-01-04,853.45,"878","884.55","834","","-2.64%"
2009-01-11,843.35,"854.75","857.6","803.15","","-1.18%"
2009-01-18,899.4,"843.5","903.5","823.9","","6.65%"
2009-01-25,927.75,"898.9","931.4","869.1","","3.15%"
2009-02-01,911.55,"927.95","929.2","888","","-1.75%"
2009-02-08,942.1,"910.65","952.8","891.2","","3.35%"
2009-02-15,993.3,"941.7","1,006.40","936.45","","5.43%"
2009-02-22,945.15,"993.5","998.35","927.75","","-4.85%"
2009-03-01,937.35,"939.8","958.8","901.75","","-0.83%"
2009-03-08,928.2,"939.5","942.75","891.3","","-0.98%"
2009-03-15,952.85,"929.55","968.7","884.9","","2.66%"
2009-03-22,923.05,"951.85","959","918.1","","-3.13%"
2009-03-29,893.9,"925.4","934.35","892","","-3.16%"
2009-04-05,881.65,"894.85","896.8","865.3","","-1.37%"
2009-04-12,868.9,"881.65","900.35","865","","-1.45%"
2009-04-19,913.1,"869.05","914.5","865.5","","5.09%"
2009-04-26,887.3,"913.6","919.75","881.05","","-2.83%"
2009-05-03,917.05,"887.3","926.15","885.05","","3.35%"
2009-05-10,931.7,"916.65","934.65","909","","1.60%"
2009-05-17,957.35,"930.6","962.3","916.05","","2.75%"
2009-05-24,980,"957","981","941.1","","2.37%"
2009-05-31,956.3,"979.6","990.8","953.5","","-2.42%"
2009-06-07,938.9,"955.65","966.25","937","","-1.82%"
2009-06-14,934.3,"939.5","943.7","926.5","","-0.49%"
2009-06-21,939.05,"933.45","948.7","913.4","","0.51%"
2009-06-28,932.5,"940.6","947.25","923.6","","-0.70%"
2009-07-05,913.15,"932.55","933.1","906","","-2.08%"
2009-07-12,937.7,"912.1","942.95","908.4","","2.69%"
2009-07-19,951.35,"938.3","958.1","937.65","","1.46%"
2009-07-26,954.75,"951.8","959.7","926.1","","0.36%"
2009-08-02,954.9,"953.3","972.25","951.85","","0.02%"
2009-08-09,947.35,"954.75","962.05","940.9","","-0.79%"
2009-08-16,954.15,"947","958.65","930.7","","0.72%"
2009-08-23,955.95,"952.9","962","940.3","","0.19%"
2009-08-30,994.4,"955.65","998.2","944.8","","4.02%"
2009-09-06,1005.85,"993.9","1,012.55","983.1","","1.15%"
2009-09-13,1007.15,"1,005.35","1,024.85","992.9","","0.13%"
2009-09-20,991.75,"1,004.85","1,019.90","985.1","","-1.53%"
2009-09-27,1002.35,"993","1,010.40","985.9","","1.07%"
2009-10-04,1049.25,"1,001.80","1,062.20","1,001.55","","4.68%"
2009-10-11,1053.25,"1,049.00","1,071.40","1,043.90","","0.38%"
2009-10-18,1054.95,"1,052.15","1,068.20","1,047.90","","0.16%"
2009-10-25,1044.9,"1,054.30","1,060.10","1,026.25","","-0.95%"
2009-11-01,1095.05,"1,044.30","1,101.30","1,040.65","","4.80%"
2009-11-08,1119.2,"1,097.41","1,123.25","1,095.80","","2.21%"
2009-11-15,1149.95,"1,118.30","1,153.15","1,118.30","","2.75%"
2009-11-22,1177.7,"1,151.80","1,195.90","1,137.80","","2.41%"
2009-11-29,1161.7,"1,176.70","1,226.60","1,147.75","","-1.36%"
2009-12-06,1114.9,"1,160.45","1,168.90","1,109.50","","-4.03%"
2009-12-13,1112.5,"1,113.80","1,141.90","1,094.90","","-0.22%"
2009-12-20,1104.5,"1,111.55","1,119.20","1,074.60","","-0.72%"
2009-12-27,1097.35,"1,107.55","1,114.60","1,086.90","","-0.65%"
2010-01-03,1136.6,"1,096.35","1,140.70","1,093.55","","3.58%"
2010-01-10,1130.9,"1,137.80","1,162.50","1,120.35","","-0.50%"
2010-01-17,1093,"1,129.30","1,141.60","1,082.30","","-3.35%"
2010-01-24,1081.55,"1,091.15","1,104.30","1,074.25","","-1.05%"
2010-01-31,1065.45,"1,080.20","1,124.95","1,044.25","","-1.49%"
2010-02-07,1093.4,"1,068.00","1,098.75","1,062.40","","2.62%"
2010-02-14,1118.85,"1,092.75","1,127.25","1,091.90","","2.33%"
2010-02-21,1116.5,"1,124.90","1,131.05","1,088.60","","-0.21%"
2010-02-28,1132.05,"1,116.55","1,145.00","1,112.05","","1.39%"
2010-03-07,1102.45,"1,135.70","1,137.80","1,098.65","","-2.61%"
2010-03-14,1107.55,"1,101.00","1,133.80","1,100.85","","0.46%"
2010-03-21,1106.6,"1,107.90","1,110.65","1,085.85","","-0.09%"
2010-03-28,1120.5,"1,110.05","1,128.25","1,101.95","","1.26%"
2010-04-04,1160.9,"1,125.10","1,165.35","1,119.20","","3.61%"
2010-04-11,1137.45,"1,166.20","1,169.70","1,130.65","","-2.02%"
2010-04-18,1157.4,"1,134.15","1,158.00","1,123.65","","1.75%"
2010-04-25,1179.25,"1,157.00","1,182.05","1,147.05","","1.89%"
2010-05-02,1208.3,"1,179.00","1,213.85","1,157.70","","2.46%"
2010-05-09,1233.05,"1,202.35","1,249.45","1,184.35","","2.05%"
2010-05-16,1177.15,"1,232.50","1,244.10","1,168.50","","-4.53%"
2010-05-23,1214.81,"1,177.43","1,219.35","1,176.98","","3.20%"
2010-05-30,1220,"1,212.55","1,231.20","1,197.65","","0.43%"
2010-06-06,1227.4,"1,219.65","1,252.70","1,211.65","","0.61%"
2010-06-13,1257.35,"1,226.45","1,262.90","1,217.05","","2.44%"
2010-06-20,1255.5,"1,259.60","1,265.90","1,225.30","","-0.15%"
2010-06-27,1211.6,"1,253.75","1,263.45","1,197.00","","-3.50%"
2010-07-04,1212,"1,210.60","1,214.85","1,185.55","","0.03%"
2010-07-11,1193.65,"1,210.65","1,218.35","1,186.35","","-1.51%"
2010-07-18,1189.1,"1,193.20","1,203.95","1,175.85","","-0.38%"
2010-07-25,1180.9,"1,189.25","1,195.30","1,157.40","","-0.69%"
2010-08-01,1205.3,"1,181.45","1,213.61","1,175.50","","2.07%"
2010-08-08,1215.55,"1,205.85","1,219.35","1,192.50","","0.85%"
2010-08-15,1228.05,"1,212.90","1,237.50","1,212.90","","1.03%"
2010-08-22,1238.2,"1,229.10","1,246.00","1,212.10","","0.83%"
2010-08-29,1247.1,"1,237.80","1,255.95","1,233.05","","0.72%"
2010-09-05,1246.45,"1,248.60","1,262.75","1,237.05","","-0.05%"
2010-09-12,1274.9,"1,246.90","1,284.25","1,242.45","","2.28%"
2010-09-19,1296.95,"1,276.90","1,300.95","1,270.85","","1.73%"
2010-09-26,1318.8,"1,299.00","1,322.30","1,284.10","","1.68%"
2010-10-03,1346.8,"1,317.90","1,365.10","1,312.25","","2.12%"
2010-10-10,1369.15,"1,346.40","1,388.10","1,340.85","","1.66%"
2010-10-17,1328.2,"1,371.50","1,375.80","1,316.09","","-2.99%"
2010-10-24,1359.55,"1,331.39","1,359.95","1,319.24","","2.36%"
2010-10-31,1393.9,"1,360.69","1,398.35","1,324.14","","2.53%"
2010-11-07,1368.95,"1,395.05","1,424.65","1,360.26","","-1.79%"
2010-11-14,1353.5,"1,366.85","1,377.06","1,329.95","","-1.13%"
2010-11-21,1364.42,"1,354.53","1,382.38","1,348.38","","0.81%"
2010-11-28,1415.05,"1,362.92","1,415.91","1,353.59","","3.71%"
2010-12-05,1386.05,"1,415.46","1,431.35","1,371.85","","-2.05%"
2010-12-12,1375.41,"1,383.91","1,408.45","1,362.11","","-0.77%"
2010-12-19,1384.75,"1,376.90","1,392.44","1,372.55","","0.68%"
2010-12-26,1421.45,"1,386.25","1,423.15","1,374.25","","2.65%"
2011-01-02,1369.6,"1,421.80","1,424.57","1,353.30","","-3.65%"
2011-01-09,1361.85,"1,369.30","1,393.30","1,355.49","","-0.57%"
2011-01-16,1342.51,"1,359.61","1,379.26","1,337.95","","-1.42%"
2011-01-23,1335.35,"1,343.40","1,353.56","1,308.56","","-0.53%"
2011-01-30,1349.25,"1,337.05","1,358.43","1,323.40","","1.04%"
2011-02-06,1356.1,"1,348.15","1,368.51","1,343.13","","0.51%"
2011-02-13,1387.3,"1,359.10","1,392.15","1,354.20","","2.30%"
2011-02-20,1409.25,"1,388.49","1,418.46","1,388.49","","1.58%"
2011-02-27,1429.3,"1,409.05","1,440.61","1,404.76","","1.42%"
2011-03-06,1417.4,"1,428.05","1,444.80","1,403.12","","-0.83%"
2011-03-13,1419.55,"1,422.09","1,433.89","1,382.90","","0.15%"
2011-03-20,1429.65,"1,425.46","1,448.40","1,422.79","","0.71%"
2011-03-27,1428.38,"1,426.35","1,439.80","1,410.45","","-0.09%"
2011-04-03,1475.1,"1,430.35","1,476.85","1,429.40","","3.27%"
2011-04-10,1486.5,"1,475.15","1,489.90","1,445.49","","0.77%"
2011-04-17,1508.13,"1,486.45","1,512.95","1,477.60","","1.46%"
2011-04-24,1565.6,"1,511.45","1,571.30","1,494.95","","3.81%"
2011-05-01,1495.25,"1,567.79","1,576.29","1,462.90","","-4.49%"
2011-05-08,1494.55,"1,493.18","1,526.82","1,479.32","","-0.05%"
2011-05-15,1513.55,"1,495.25","1,517.55","1,473.50","","1.27%"
2011-05-22,1536.65,"1,514.10","1,540.10","1,505.55","","1.53%"
2011-05-29,1542.5,"1,538.74","1,552.14","1,521.60","","0.38%"
2011-06-05,1531.9,"1,544.59","1,555.30","1,527.74","","-0.69%"
2011-06-12,1539.5,"1,530.50","1,542.15","1,511.61","","0.50%"
2011-06-19,1502.15,"1,540.40","1,559.75","1,500.41","","-2.43%"
2011-06-26,1486.5,"1,500.50","1,515.71","1,480.01","","-1.04%"
2011-07-03,1544.25,"1,488.09","1,547.30","1,487.50","","3.88%"
2011-07-10,1594.1,"1,545.55","1,596.16","1,542.30","","3.23%"
2011-07-17,1599.25,"1,595.45","1,611.51","1,583.00","","0.32%"
2011-07-24,1626.64,"1,599.28","1,632.80","1,599.28","","1.71%"
2011-07-31,1665,"1,626.64","1,682.17","1,608.19","","2.36%"
2011-08-07,1746.6,"1,662.86","1,814.40","1,662.78","","4.90%"
2011-08-14,1852.45,"1,746.25","1,877.50","1,728.01","","6.06%"
2011-08-21,1828.55,"1,859.39","1,911.96","1,702.94","","-1.29%"
2011-08-28,1884.2,"1,836.99","1,884.90","1,775.79","","3.04%"
2011-09-04,1857.81,"1,876.99","1,920.80","1,793.69","","-1.40%"
2011-09-11,1811.95,"1,858.27","1,862.21","1,763.05","","-2.47%"
2011-09-18,1656.59,"1,818.69","1,828.65","1,629.99","","-8.57%"
2011-09-25,1623.75,"1,657.29","1,677.19","1,534.99","","-1.98%"
2011-10-02,1639.45,"1,618.35","1,678.86","1,596.00","","0.97%"
2011-10-09,1679.95,"1,654.50","1,692.46","1,638.45","","2.47%"
2011-10-16,1641.02,"1,682.29","1,695.10","1,603.99","","-2.32%"
2011-10-23,1742.95,"1,642.35","1,752.85","1,635.96","","6.21%"
2011-10-30,1754.15,"1,743.01","1,768.26","1,682.60","","0.64%"
2011-11-06,1788.99,"1,753.86","1,803.11","1,736.20","","1.99%"
2011-11-13,1723.05,"1,788.34","1,796.36","1,710.34","","-3.69%"
2011-11-20,1680.13,"1,723.14","1,726.49","1,666.38","","-2.49%"
2011-11-27,1745.25,"1,681.06","1,762.61","1,681.06","","3.88%"
2011-12-04,1711.1,"1,745.90","1,755.05","1,702.69","","-1.96%"
2011-12-11,1597.95,"1,711.24","1,714.64","1,560.82","","-6.61%"
2011-12-18,1606.6,"1,599.61","1,642.36","1,583.70","","0.54%"
2011-12-25,1564.3,"1,607.15","1,611.79","1,522.44","","-2.63%"
2012-01-01,1616.85,"1,566.20","1,630.56","1,564.96","","3.36%"
2012-01-08,1639.35,"1,617.14","1,662.57","1,605.30","","1.39%"
2012-01-15,1666.9,"1,639.68","1,670.25","1,631.44","","1.68%"
2012-01-22,1738.89,"1,666.68","1,738.91","1,649.20","","4.32%"
2012-01-29,1725.3,"1,738.41","1,763.76","1,717.05","","-0.78%"
2012-02-05,1719.85,"1,726.25","1,751.86","1,704.14","","-0.32%"
2012-02-12,1722.45,"1,725.24","1,737.61","1,705.64","","0.15%"
2012-02-19,1773.49,"1,723.88","1,787.71","1,723.78","","2.96%"
2012-02-26,1712.3,"1,773.20","1,790.70","1,688.39","","-3.45%"
2012-03-04,1713.09,"1,711.16","1,716.86","1,664.45","","0.05%"
2012-03-11,1660.65,"1,709.19","1,714.41","1,634.70","","-3.06%"
2012-03-18,1662.26,"1,653.51","1,669.93","1,628.22","","0.10%"
2012-03-25,1668.9,"1,661.81","1,696.81","1,645.50","","0.40%"
2012-04-01,1639.49,"1,669.55","1,682.16","1,613.30","","-1.76%"
2012-04-08,1659,"1,641.55","1,680.31","1,627.81","","1.19%"
2012-04-15,1642.7,"1,654.20","1,657.91","1,631.41","","-0.98%"
2012-04-22,1662.05,"1,642.05","1,667.72","1,620.60","","1.18%"
2012-04-29,1642.83,"1,662.35","1,671.61","1,626.91","","-1.16%"
2012-05-06,1580.05,"1,640.40","1,643.01","1,573.90","","-3.82%"
2012-05-13,1593.09,"1,581.38","1,598.68","1,528.28","","0.83%"
2012-05-20,1573.45,"1,592.26","1,599.40","1,534.02","","-1.23%"
2012-05-27,1626.25,"1,574.20","1,630.02","1,532.10","","3.36%"
2012-06-03,1594.45,"1,625.90","1,641.11","1,562.05","","-1.96%"
2012-06-10,1626.76,"1,593.20","1,633.70","1,582.99","","2.03%"
2012-06-17,1572.15,"1,627.31","1,633.51","1,558.80","","-3.36%"
2012-06-24,1598.6,"1,571.79","1,607.19","1,547.64","","1.68%"
2012-07-01,1582.9,"1,599.30","1,625.31","1,576.70","","-0.98%"
2012-07-08,1589.05,"1,580.95","1,601.51","1,554.95","","0.39%"
2012-07-15,1583.63,"1,591.79","1,599.90","1,568.24","","-0.34%"
2012-07-22,1623.28,"1,581.64","1,629.60","1,563.49","","2.50%"
2012-07-29,1604.3,"1,624.99","1,628.20","1,584.99","","-1.17%"
2012-08-05,1620.05,"1,604.89","1,626.56","1,602.74","","0.98%"
2012-08-12,1615.8,"1,620.24","1,625.71","1,590.19","","-0.26%"
2012-08-19,1670.35,"1,616.15","1,675.30","1,610.09","","3.38%"
2012-08-26,1691.15,"1,671.55","1,693.32","1,647.34","","1.25%"
2012-09-02,1736.5,"1,692.09","1,741.80","1,685.59","","2.68%"
2012-09-09,1772.48,"1,735.74","1,778.01","1,717.14","","2.07%"
2012-09-16,1773.05,"1,774.85","1,787.81","1,752.95","","0.03%"
2012-09-23,1771.22,"1,773.43","1,783.63","1,738.03","","-0.10%"
2012-09-30,1780.98,"1,771.09","1,796.19","1,763.44","","0.55%"
2012-10-07,1754.25,"1,780.60","1,780.79","1,752.34","","-1.50%"
2012-10-14,1720.9,"1,753.49","1,753.70","1,716.29","","-1.90%"
2012-10-21,1711.35,"1,721.80","1,730.60","1,699.00","","-0.55%"
2012-10-28,1677.85,"1,711.39","1,727.00","1,674.44","","-1.96%"
2012-11-04,1731.24,"1,676.97","1,739.05","1,672.62","","3.18%"
2012-11-11,1713.7,"1,732.00","1,738.41","1,705.30","","-1.01%"
2012-11-18,1753,"1,713.60","1,754.60","1,713.49","","2.29%"
2012-11-25,1714.8,"1,752.90","1,752.90","1,706.04","","-2.18%"
2012-12-02,1703.65,"1,714.11","1,722.32","1,684.40","","-0.65%"
2012-12-09,1695.47,"1,704.49","1,723.45","1,689.39","","-0.48%"
2012-12-16,1656.99,"1,695.64","1,703.24","1,635.47","","-2.27%"
2012-12-23,1655.4,"1,657.80","1,668.01","1,650.49","","-0.10%"
2012-12-30,1656.85,"1,656.21","1,695.31","1,626.40","","0.09%"
2013-01-06,1663.05,"1,656.51","1,679.21","1,642.75","","0.37%"
2013-01-13,1683.95,"1,662.16","1,696.17","1,660.25","","1.26%"
2013-01-20,1658.69,"1,684.79","1,696.14","1,655.78","","-1.50%"
2013-01-27,1667.15,"1,658.76","1,684.00","1,652.54","","0.51%"
2013-02-03,1667.5,"1,667.76","1,685.11","1,662.00","","0.02%"
2013-02-10,1609.44,"1,666.93","1,669.69","1,598.42","","-3.48%"
2013-02-17,1580.7,"1,609.85","1,618.90","1,554.89","","-1.79%"
2013-02-24,1575.24,"1,581.29","1,620.05","1,564.83","","-0.35%"
2013-03-03,1578.35,"1,579.01","1,586.52","1,561.41","","0.20%"
2013-03-10,1592.45,"1,578.40","1,599.71","1,575.65","","0.89%"
2013-03-17,1608.45,"1,597.26","1,616.86","1,592.56","","1.00%"
2013-03-24,1596.74,"1,609.37","1,613.83","1,590.06","","-0.73%"
2013-03-31,1582,"1,597.74","1,604.10","1,540.24","","-0.92%"
2013-04-07,1478.85,"1,581.14","1,590.50","1,477.50","","-6.52%"
2013-04-14,1404.35,"1,478.30","1,495.66","1,321.85","","-5.04%"
2013-04-21,1463,"1,404.56","1,485.31","1,404.00","","4.18%"
2013-04-28,1470.7,"1,464.49","1,488.30","1,440.24","","0.53%"
2013-05-05,1448.2,"1,470.39","1,478.95","1,421.11","","-1.53%"
2013-05-12,1359.2,"1,448.69","1,448.69","1,355.60","","-6.15%"
2013-05-19,1386.05,"1,363.09","1,414.75","1,339.45","","1.98%"
2013-05-26,1386.9,"1,388.15","1,421.50","1,373.64","","0.06%"
2013-06-02,1384.47,"1,389.16","1,423.74","1,377.86","","-0.18%"
2013-06-09,1390.7,"1,378.89","1,395.16","1,367.15","","0.45%"
2013-06-16,1297.25,"1,391.29","1,392.11","1,269.39","","-6.72%"
2013-06-23,1234.25,"1,297.80","1,302.12","1,181.82","","-4.86%"
2013-06-30,1223.8,"1,233.49","1,265.93","1,207.99","","-0.85%"
2013-07-07,1284.9,"1,222.71","1,298.97","1,215.45","","4.99%"
2013-07-14,1296.35,"1,285.45","1,297.95","1,274.21","","0.89%"
2013-07-21,1333.9,"1,297.15","1,348.30","1,309.35","","2.90%"
2013-07-28,1312,"1,333.80","1,338.76","1,283.19","","-1.64%"
2013-08-04,1314.5,"1,312.99","1,319.80","1,273.14","","0.19%"
2013-08-11,1376.4,"1,314.60","1,380.21","1,314.60","","4.71%"
2013-08-18,1396.85,"1,376.35","1,400.21","1,355.26","","1.49%"
2013-08-25,1396.4,"1,399.09","1,434.02","1,391.65","","-0.03%"
2013-09-01,1391.61,"1,396.59","1,416.74","1,363.28","","-0.34%"
2013-09-08,1326.72,"1,391.05","1,391.12","1,305.03","","-4.66%"
2013-09-15,1325.38,"1,329.38","1,374.93","1,291.73","","-0.10%"
2013-09-22,1336.2,"1,326.09","1,344.30","1,306.39","","0.82%"
2013-09-29,1311.35,"1,335.85","1,344.17","1,278.80","","-1.86%"
2013-10-06,1273.11,"1,311.03","1,330.09","1,262.63","","-2.92%"
2013-10-13,1316.24,"1,272.68","1,325.70","1,252.16","","3.39%"
2013-10-20,1352.13,"1,316.44","1,355.60","1,310.23","","2.73%"
2013-10-27,1315.35,"1,353.16","1,362.21","1,306.30","","-2.72%"
2013-11-03,1288.2,"1,315.14","1,325.71","1,281.40","","-2.06%"
2013-11-10,1290.05,"1,288.69","1,294.38","1,261.28","","0.14%"
2013-11-17,1243.6,"1,290.45","1,290.61","1,236.90","","-3.60%"
2013-11-24,1253.49,"1,243.20","1,257.99","1,228.84","","0.80%"
2013-12-01,1228.85,"1,251.65","1,251.65","1,212.05","","-1.97%"
2013-12-08,1238.3,"1,229.69","1,267.76","1,220.60","","0.77%"
2013-12-15,1203.25,"1,238.20","1,252.01","1,185.71","","-2.83%"
2013-12-22,1213.19,"1,203.67","1,219.04","1,192.92","","0.83%"
2013-12-29,1236.55,"1,212.13","1,240.38","1,184.88","","1.93%"
2014-01-05,1247.1,"1,236.88","1,248.81","1,218.84","","0.85%"
2014-01-12,1253.82,"1,248.38","1,255.49","1,234.59","","0.54%"
2014-01-19,1269.25,"1,253.47","1,273.31","1,231.97","","1.23%"
2014-01-26,1243.8,"1,268.99","1,278.62","1,238.55","","-2.01%"
2014-02-02,1267.06,"1,245.18","1,273.74","1,240.72","","1.87%"
2014-02-09,1318.93,"1,266.13","1,321.34","1,265.22","","4.09%"
2014-02-16,1323.39,"1,318.92","1,332.48","1,307.85","","0.34%"
2014-02-23,1326.4,"1,325.20","1,345.96","1,319.32","","0.23%"
2014-03-02,1340.25,"1,326.29","1,355.20","1,326.29","","1.04%"
2014-03-09,1382.24,"1,339.16","1,388.40","1,329.36","","3.13%"
2014-03-16,1334.55,"1,382.07","1,392.37","1,320.85","","-3.45%"
2014-03-23,1294,"1,334.74","1,334.86","1,285.84","","-3.04%"
2014-03-30,1302.7,"1,294.28","1,307.09","1,277.88","","0.67%"
2014-04-06,1318.47,"1,302.79","1,324.90","1,295.69","","1.21%"
2014-04-13,1293.78,"1,318.77","1,331.03","1,290.46","","-1.87%"
2014-04-20,1303.45,"1,294.67","1,305.61","1,268.85","","0.75%"
2014-04-27,1300.32,"1,303.20","1,306.61","1,277.10","","-0.24%"
2014-05-04,1289.33,"1,300.89","1,316.10","1,285.64","","-0.85%"
2014-05-11,1293.7,"1,289.31","1,309.41","1,280.21","","0.34%"
2014-05-18,1293.11,"1,293.57","1,305.40","1,283.50","","-0.05%"
2014-05-25,1251.05,"1,292.76","1,294.46","1,242.35","","-3.25%"
2014-06-01,1252.73,"1,251.04","1,258.00","1,241.11","","0.13%"
2014-06-08,1277,"1,253.79","1,278.20","1,250.40","","1.94%"
2014-06-15,1314.82,"1,277.25","1,322.40","1,259.35","","2.96%"
2014-06-22,1315.35,"1,313.70","1,326.21","1,306.21","","0.04%"
2014-06-29,1320.55,"1,315.99","1,332.60","1,310.14","","0.40%"
2014-07-06,1338.15,"1,320.16","1,345.31","1,311.90","","1.33%"
2014-07-13,1310.9,"1,338.45","1,339.71","1,292.01","","-2.04%"
2014-07-20,1308.05,"1,311.00","1,318.46","1,287.72","","-0.22%"
2014-07-27,1294.1,"1,308.49","1,312.60","1,280.90","","-1.07%"
2014-08-03,1309.6,"1,293.93","1,322.86","1,282.56","","1.20%"
2014-08-10,1304.6,"1,309.30","1,319.31","1,292.61","","-0.38%"
2014-08-17,1281.23,"1,304.04","1,304.20","1,273.46","","-1.79%"
2014-08-24,1287.57,"1,279.91","1,297.00","1,274.66","","0.49%"
2014-08-31,1268.85,"1,287.05","1,290.36","1,257.16","","-1.45%"
2014-09-07,1228.63,"1,268.99","1,272.09","1,227.75","","-3.17%"
2014-09-14,1216.45,"1,228.40","1,242.16","1,213.87","","-0.99%"
2014-09-21,1219.51,"1,216.68","1,235.30","1,207.35","","0.25%"
2014-09-28,1191.2,"1,219.44","1,224.00","1,190.14","","-2.32%"
2014-10-05,1223.48,"1,191.79","1,233.70","1,183.96","","2.71%"
2014-10-12,1238.19,"1,223.69","1,249.80","1,222.17","","1.20%"
2014-10-19,1231.46,"1,238.54","1,255.70","1,226.67","","-0.54%"
2014-10-26,1174.42,"1,231.74","1,235.61","1,161.75","","-4.63%"
2014-11-02,1176.65,"1,173.69","1,178.99","1,132.25","","0.19%"
2014-11-09,1188.25,"1,179.34","1,193.74","1,146.32","","0.99%"
2014-11-16,1201.4,"1,188.75","1,208.01","1,175.81","","1.11%"
2014-11-23,1167.35,"1,201.54","1,204.25","1,165.35","","-2.83%"
2014-11-30,1192.05,"1,166.99","1,221.39","1,143.32","","2.12%"
2014-12-07,1222.6,"1,193.08","1,238.59","1,187.30","","2.56%"
2014-12-14,1195.95,"1,222.47","1,224.46","1,184.33","","-2.18%"
2014-12-21,1195.4,"1,195.69","1,202.55","1,170.92","","-0.05%"
2014-12-28,1189.18,"1,195.83","1,210.40","1,168.75","","-0.52%"
2015-01-04,1223.4,"1,189.34","1,224.00","1,183.45","","2.88%"
2015-01-11,1280.3,"1,223.11","1,281.99","1,218.66","","4.65%"
2015-01-18,1294.55,"1,279.70","1,306.60","1,272.25","","1.11%"
2015-01-25,1283.55,"1,294.04","1,299.51","1,252.61","","-0.85%"
2015-02-01,1233.72,"1,281.56","1,285.60","1,228.75","","-3.88%"
2015-02-08,1229.7,"1,234.93","1,246.30","1,216.95","","-0.33%"
2015-02-15,1202.39,"1,228.68","1,236.99","1,198.05","","-2.22%"
2015-02-22,1213.15,"1,201.99","1,220.60","1,191.51","","0.89%"
2015-03-01,1167.21,"1,213.89","1,223.69","1,163.94","","-3.79%"
2015-03-08,1159.48,"1,168.65","1,176.15","1,147.85","","-0.66%"
2015-03-15,1182.68,"1,158.24","1,188.30","1,143.36","","2.00%"
2015-03-22,1199.3,"1,185.86","1,219.90","1,179.35","","1.41%"
2015-03-29,1210.9,"1,199.10","1,212.74","1,178.80","","0.97%"
2015-04-05,1208.05,"1,215.63","1,224.50","1,192.70","","-0.24%"
2015-04-12,1204.65,"1,207.30","1,209.75","1,184.18","","-0.28%"
2015-04-19,1179.38,"1,205.01","1,209.51","1,175.24","","-2.10%"
2015-04-26,1178.5,"1,179.71","1,215.40","1,170.60","","-0.07%"
2015-05-03,1188.15,"1,179.00","1,200.10","1,177.93","","0.82%"
2015-05-10,1223.85,"1,189.20","1,227.79","1,179.75","","3.00%"
2015-05-17,1206.38,"1,223.30","1,232.70","1,201.70","","-1.43%"
2015-05-24,1190.5,"1,205.50","1,209.35","1,181.30","","-1.32%"
2015-05-31,1172,"1,191.25","1,205.06","1,163.10","","-1.55%"
2015-06-07,1180.8,"1,169.45","1,192.60","1,169.20","","0.75%"
2015-06-14,1200.51,"1,181.75","1,206.25","1,173.27","","1.67%"
2015-06-21,1175.07,"1,200.35","1,201.24","1,168.74","","-2.12%"
2015-06-28,1167.94,"1,185.06","1,187.41","1,157.35","","-0.61%"
2015-07-05,1163.96,"1,173.20","1,175.10","1,147.15","","-0.34%"
2015-07-12,1134.1,"1,163.40","1,164.70","1,131.20","","-2.57%"
2015-07-19,1099.1,"1,133.70","1,133.70","1,077.75","","-3.09%"
2015-07-26,1095.65,"1,099.40","1,105.15","1,079.75","","-0.31%"
2015-08-02,1094.2,"1,095.26","1,099.90","1,081.00","","-0.13%"
2015-08-09,1114.11,"1,094.40","1,126.71","1,089.81","","1.82%"
2015-08-16,1161.05,"1,114.35","1,168.80","1,109.55","","4.21%"
2015-08-23,1133.96,"1,162.35","1,167.90","1,117.75","","-2.33%"
2015-08-30,1123,"1,133.25","1,147.56","1,117.15","","-0.97%"
2015-09-06,1107.9,"1,123.25","1,126.80","1,098.75","","-1.34%"
2015-09-13,1139.4,"1,107.80","1,141.90","1,102.91","","2.84%"
2015-09-20,1146.24,"1,139.59","1,156.68","1,121.37","","0.60%"
2015-09-27,1138.14,"1,145.80","1,148.30","1,104.52","","-0.71%"
2015-10-04,1157.53,"1,137.96","1,160.20","1,129.98","","1.70%"
2015-10-11,1177.2,"1,155.61","1,190.93","1,151.46","","1.70%"
2015-10-18,1164.26,"1,176.24","1,180.70","1,159.16","","-1.10%"
2015-10-25,1142.38,"1,164.42","1,182.88","1,139.48","","-1.88%"
2015-11-01,1088.64,"1,141.47","1,142.99","1,085.29","","-4.70%"
2015-11-08,1083.64,"1,089.94","1,095.88","1,074.64","","-0.46%"
2015-11-15,1078.1,"1,088.14","1,098.29","1,065.34","","-0.51%"
2015-11-22,1058.81,"1,077.01","1,080.91","1,052.86","","-1.79%"
2015-11-29,1086.99,"1,057.79","1,089.09","1,046.24","","2.66%"
2015-12-06,1074.89,"1,085.99","1,086.98","1,062.38","","-1.11%"
2015-12-13,1066.19,"1,073.78","1,078.59","1,047.63","","-0.81%"
2015-12-20,1075.88,"1,065.93","1,081.88","1,063.88","","0.91%"
2015-12-27,1060.74,"1,076.10","1,077.25","1,058.50","","-1.41%"
2016-01-03,1104.24,"1,065.36","1,112.40","1,061.90","","4.10%"
2016-01-10,1089.1,"1,104.17","1,108.49","1,071.38","","-1.37%"
2016-01-17,1098.3,"1,089.60","1,109.59","1,082.93","","0.84%"
2016-01-24,1118.04,"1,097.86","1,128.20","1,097.36","","1.80%"
2016-01-31,1173.69,"1,117.90","1,174.90","1,116.26","","4.98%"
2016-02-07,1238.05,"1,170.89","1,260.98","1,164.09","","5.48%"
2016-02-14,1228.19,"1,232.55","1,239.88","1,190.79","","-0.80%"
2016-02-21,1222.6,"1,226.13","1,253.30","1,202.02","","-0.46%"
2016-02-28,1259.44,"1,222.73","1,279.98","1,217.98","","3.01%"
2016-03-06,1248.44,"1,259.48","1,282.89","1,237.44","","-0.87%"
2016-03-13,1255.3,"1,251.32","1,271.61","1,226.41","","0.55%"
2016-03-20,1216.47,"1,254.62","1,259.97","1,212.58","","-3.09%"
2016-03-27,1222.49,"1,214.49","1,243.29","1,208.54","","0.49%"
2016-04-03,1240.39,"1,219.98","1,243.88","1,214.34","","1.46%"
2016-04-10,1234.05,"1,239.78","1,262.98","1,223.79","","-0.51%"
2016-04-17,1232.3,"1,234.09","1,270.48","1,227.35","","-0.14%"
2016-04-24,1293.74,"1,232.09","1,296.49","1,230.09","","4.99%"
2016-05-01,1288.7,"1,293.71","1,304.00","1,269.26","","-0.39%"
2016-05-08,1273.6,"1,284.95","1,288.00","1,257.65","","-1.17%"
2016-05-15,1252.3,"1,272.49","1,288.59","1,244.38","","-1.67%"
2016-05-22,1212.4,"1,250.91","1,255.86","1,206.70","","-3.19%"
2016-05-29,1244.49,"1,213.41","1,244.91","1,200.01","","2.65%"
2016-06-05,1274.2,"1,242.80","1,278.10","1,234.85","","2.39%"
2016-06-12,1298.6,"1,274.04","1,315.93","1,272.68","","1.91%"
2016-06-19,1315.98,"1,285.90","1,358.70","1,251.66","","1.34%"
2016-06-26,1342.3,"1,326.24","1,344.60","1,305.62","","2.00%"
2016-07-03,1366.8,"1,342.60","1,375.31","1,336.08","","1.83%"
2016-07-10,1337.85,"1,368.71","1,375.11","1,320.22","","-2.12%"
2016-07-17,1322.38,"1,332.79","1,336.28","1,310.93","","-1.16%"
2016-07-24,1350.91,"1,322.50","1,355.42","1,312.35","","2.16%"
2016-07-31,1335.8,"1,350.22","1,368.03","1,334.87","","-1.12%"
2016-08-07,1336.19,"1,335.37","1,357.65","1,330.03","","0.03%"
2016-08-14,1341.78,"1,338.19","1,358.57","1,336.07","","0.42%"
2016-08-21,1321.33,"1,340.56","1,345.18","1,317.94","","-1.52%"
2016-08-28,1325.01,"1,320.42","1,329.09","1,302.27","","0.28%"
2016-09-04,1328.15,"1,324.13","1,353.11","1,322.02","","0.24%"
2016-09-11,1310.43,"1,328.18","1,332.56","1,306.62","","-1.33%"
2016-09-18,1337.61,"1,310.99","1,344.04","1,308.60","","2.07%"
2016-09-25,1315.96,"1,336.82","1,342.21","1,312.83","","-1.62%"
2016-10-02,1256.97,"1,318.22","1,320.09","1,241.68","","-4.48%"
2016-10-09,1250.55,"1,257.58","1,265.46","1,247.51","","-0.51%"
2016-10-16,1266.75,"1,250.25","1,274.32","1,250.25","","1.30%"
2016-10-23,1276.3,"1,266.21","1,284.53","1,260.75","","0.75%"
2016-10-30,1304.25,"1,278.41","1,308.26","1,271.29","","2.19%"
2016-11-06,1225.68,"1,291.61","1,337.50","1,219.50","","-6.02%"
2016-11-13,1208.69,"1,227.89","1,233.45","1,203.90","","-1.39%"
2016-11-20,1183.63,"1,208.46","1,221.81","1,171.96","","-2.07%"
2016-11-27,1176.92,"1,183.08","1,197.58","1,160.42","","-0.57%"
2016-12-04,1157.87,"1,182.84","1,187.83","1,156.17","","-1.62%"
2016-12-11,1134.09,"1,159.02","1,165.86","1,122.45","","-2.05%"
2016-12-18,1133.49,"1,134.35","1,142.70","1,125.62","","-0.05%"
2016-12-25,1151.85,"1,133.94","1,163.53","1,131.73","","1.62%"
2017-01-01,1172.81,"1,150.80","1,184.99","1,145.77","","1.82%"
2017-01-08,1197.66,"1,172.93","1,207.38","1,172.18","","2.12%"
2017-01-15,1209.96,"1,200.57","1,219.04","1,195.87","","1.03%"
2017-01-22,1191.6,"1,209.71","1,219.97","1,181.04","","-1.52%"
2017-01-29,1219.88,"1,192.54","1,225.38","1,187.85","","2.37%"
2017-02-05,1234.12,"1,219.67","1,244.78","1,219.01","","1.17%"
2017-02-12,1235.29,"1,231.52","1,243.84","1,216.48","","0.09%"
2017-02-19,1256.94,"1,235.21","1,260.48","1,226.12","","1.75%"
2017-02-26,1234.3,"1,257.41","1,263.88","1,222.59","","-1.80%"
2017-03-05,1204.55,"1,232.49","1,236.84","1,194.62","","-2.41%"
2017-03-12,1229.15,"1,205.68","1,233.88","1,197.54","","2.04%"
2017-03-19,1244.17,"1,229.41","1,253.49","1,226.69","","1.22%"
2017-03-26,1249.13,"1,248.00","1,261.53","1,240.05","","0.40%"
2017-04-02,1254.05,"1,248.40","1,270.96","1,243.85","","0.39%"
2017-04-09,1285.69,"1,254.26","1,289.14","1,247.50","","2.52%"
2017-04-16,1284.5,"1,292.96","1,295.92","1,276.23","","-0.09%"
2017-04-23,1268.15,"1,270.27","1,278.67","1,260.40","","-1.27%"
2017-04-30,1227.74,"1,268.24","1,271.24","1,225.35","","-3.19%"
2017-05-07,1228.83,"1,225.67","1,237.10","1,214.31","","0.09%"
2017-05-14,1255.55,"1,228.40","1,265.54","1,227.20","","2.17%"
2017-05-21,1267.05,"1,256.09","1,269.88","1,247.63","","0.92%"
2017-05-28,1279.98,"1,267.50","1,279.98","1,259.00","","1.02%"
2017-06-04,1266.4,"1,279.34","1,296.47","1,264.74","","-1.06%"
2017-06-11,1253.63,"1,267.20","1,279.87","1,251.55","","-1.01%"
2017-06-18,1256.9,"1,254.00","1,259.31","1,241.25","","0.26%"
2017-06-25,1241.6,"1,258.03","1,258.44","1,236.86","","-1.22%"
2017-07-02,1212.9,"1,241.46","1,242.83","1,207.25","","-2.31%"
2017-07-09,1228.98,"1,213.70","1,233.16","1,204.85","","1.33%"
2017-07-16,1254.9,"1,228.60","1,256.30","1,228.30","","2.11%"
2017-07-23,1269.25,"1,255.78","1,271.34","1,243.91","","1.14%"
2017-07-30,1258.6,"1,270.41","1,274.72","1,254.75","","-0.84%"
2017-08-06,1289.21,"1,259.04","1,292.26","1,251.41","","2.43%"
2017-08-13,1284.5,"1,289.40","1,301.20","1,267.63","","-0.37%"
2017-08-20,1291.15,"1,283.33","1,294.14","1,278.66","","0.52%"
2017-08-27,1324.97,"1,292.18","1,329.20","1,291.90","","2.62%"
2017-09-03,1346.71,"1,334.40","1,357.94","1,327.39","","1.64%"
2017-09-10,1319.62,"1,337.45","1,340.37","1,316.12","","-2.01%"
2017-09-17,1297.38,"1,319.97","1,319.97","1,288.01","","-1.69%"
2017-09-24,1279.45,"1,297.62","1,313.89","1,277.61","","-1.38%"
2017-10-01,1276.03,"1,279.82","1,282.76","1,260.89","","-0.27%"
2017-10-08,1304.88,"1,275.65","1,304.88","1,275.41","","2.26%"
2017-10-15,1280.72,"1,303.54","1,306.46","1,276.62","","-1.85%"
2017-10-22,1273.35,"1,277.82","1,284.41","1,264.10","","-0.58%"
2017-10-29,1269.85,"1,273.59","1,284.48","1,265.55","","-0.27%"
2017-11-05,1276.14,"1,269.52","1,288.41","1,266.08","","0.50%"
2017-11-12,1294.37,"1,274.81","1,297.04","1,270.60","","1.43%"
2017-11-19,1288.22,"1,293.01","1,295.12","1,275.25","","-0.48%"
2017-11-26,1280.26,"1,288.58","1,299.21","1,270.19","","-0.62%"
2017-12-03,1248.14,"1,273.22","1,277.54","1,244.10","","-2.51%"
2017-12-10,1255.26,"1,247.27","1,261.89","1,236.00","","0.57%"
2017-12-17,1275.01,"1,253.80","1,276.38","1,252.70","","1.57%"
2017-12-24,1302.55,"1,274.95","1,307.69","1,273.30","","2.16%"
2017-12-31,1320.21,"1,302.89","1,326.26","1,302.85","","1.36%"
2018-01-07,1338.4,"1,320.02","1,339.40","1,307.97","","1.38%"
2018-01-14,1331.8,"1,336.94","1,344.82","1,324.09","","-0.49%"
2018-01-21,1350.14,"1,334.86","1,366.45","1,328.69","","1.38%"
2018-01-28,1332.98,"1,349.74","1,352.33","1,327.21","","-1.27%"
2018-02-04,1316.69,"1,331.99","1,346.05","1,306.86","","-1.22%"
2018-02-11,1347.86,"1,315.07","1,361.84","1,314.14","","2.37%"
2018-02-18,1328.94,"1,347.19","1,351.03","1,320.68","","-1.40%"
2018-02-25,1322.2,"1,327.53","1,340.88","1,302.64","","-0.51%"
2018-03-04,1323.7,"1,323.75","1,340.49","1,313.05","","0.11%"
2018-03-11,1314,"1,324.31","1,331.02","1,310.31","","-0.73%"
2018-03-18,1347.22,"1,314.02","1,350.66","1,307.37","","2.53%"
2018-03-25,1325,"1,348.51","1,357.66","1,322.21","","-1.65%"
2018-04-01,1333.2,"1,326.11","1,348.37","1,321.47","","0.62%"
2018-04-08,1345.46,"1,333.22","1,365.68","1,327.06","","0.92%"
2018-04-15,1335.12,"1,344.61","1,356.14","1,335.07","","-0.77%"
2018-04-22,1322.8,"1,335.71","1,336.29","1,315.96","","-0.92%"
2018-04-29,1315.05,"1,322.80","1,325.33","1,301.91","","-0.59%"
2018-05-06,1318.22,"1,315.18","1,326.49","1,304.64","","0.24%"
2018-05-13,1292.5,"1,319.16","1,323.36","1,286.41","","-1.95%"
2018-05-20,1301.61,"1,290.95","1,308.24","1,282.20","","0.70%"
2018-05-27,1293.14,"1,298.74","1,306.87","1,289.52","","-0.65%"
2018-06-03,1298.75,"1,293.51","1,303.83","1,290.13","","0.43%"
2018-06-10,1279.84,"1,299.61","1,310.14","1,275.85","","-1.46%"
2018-06-17,1269.28,"1,279.55","1,284.85","1,261.63","","-0.83%"
2018-06-24,1253,"1,272.41","1,273.29","1,246.07","","-1.28%"
2018-07-01,1254.99,"1,253.89","1,261.88","1,238.11","","0.16%"
2018-07-08,1241.52,"1,255.24","1,266.39","1,237.10","","-1.07%"
2018-07-15,1231.76,"1,241.41","1,245.93","1,211.47","","-0.79%"
2018-07-22,1223.38,"1,231.30","1,235.57","1,217.34","","-0.68%"
2018-07-29,1213.43,"1,222.96","1,228.72","1,204.40","","-0.81%"
2018-08-05,1211.3,"1,213.71","1,218.30","1,205.85","","-0.18%"
2018-08-12,1184.77,"1,211.28","1,214.25","1,160.38","","-2.19%"
2018-08-19,1205.97,"1,183.78","1,208.87","1,182.70","","1.79%"
2018-08-26,1201.09,"1,206.94","1,214.66","1,196.33","","-0.40%"
2018-09-02,1195.86,"1,200.34","1,207.47","1,189.70","","-0.44%"
2018-09-09,1193.71,"1,195.07","1,213.05","1,187.61","","-0.18%"
2018-09-16,1199.55,"1,193.24","1,211.47","1,191.97","","0.49%"
2018-09-23,1192.09,"1,198.59","1,204.51","1,180.74","","-0.62%"
2018-09-30,1202.86,"1,192.21","1,208.72","1,184.62","","0.90%"
2018-10-07,1217.93,"1,203.16","1,226.67","1,183.44","","1.25%"
2018-10-14,1226.32,"1,217.51","1,233.72","1,217.47","","0.69%"
2018-10-21,1233.59,"1,228.38","1,243.73","1,220.08","","0.59%"
2018-10-28,1232.89,"1,234.17","1,237.80","1,211.93","","-0.06%"
2018-11-04,1209.6,"1,233.36","1,236.31","1,206.52","","-1.89%"
2018-11-11,1221.47,"1,209.47","1,225.37","1,195.98","","0.98%"
2018-11-18,1223.19,"1,222.44","1,230.82","1,218.20","","0.14%"
2018-11-25,1221.97,"1,223.99","1,229.05","1,210.74","","-0.10%"
2018-12-02,1248.1,"1,223.42","1,250.42","1,221.39","","2.14%"
2018-12-09,1238.21,"1,250.45","1,250.64","1,232.48","","-0.79%"
2018-12-16,1255.92,"1,237.60","1,266.70","1,235.69","","1.43%"
2018-12-23,1280.67,"1,258.65","1,282.34","1,257.96","","1.97%"
2018-12-30,1284.83,"1,280.20","1,298.68","1,276.66","","0.32%"
2019-01-06,1287.5,"1,286.01","1,297.47","1,279.10","","0.21%"
2019-01-13,1281.11,"1,287.70","1,296.21","1,280.49","","-0.50%"
2019-01-20,1303.14,"1,281.64","1,303.78","1,276.58","","1.72%"
2019-01-27,1317.93,"1,303.82","1,326.65","1,297.54","","1.13%"
2019-02-03,1313.99,"1,318.13","1,319.11","1,302.53","","-0.30%"
2019-02-10,1321.01,"1,314.55","1,322.76","1,302.88","","0.53%"
2019-02-17,1327.71,"1,321.41","1,347.11","1,320.60","","0.51%"
2019-02-24,1293.31,"1,328.89","1,332.80","1,290.24","","-2.59%"
2019-03-03,1298.01,"1,293.61","1,300.85","1,281.10","","0.36%"
2019-03-10,1301.13,"1,298.85","1,311.56","1,290.34","","0.24%"
2019-03-17,1313.13,"1,302.34","1,320.62","1,298.19","","0.92%"
2019-03-24,1291.9,"1,313.35","1,324.57","1,286.77","","-1.62%"
2019-03-31,1291.3,"1,291.48","1,297.23","1,280.91","","-0.05%"
2019-04-07,1290,"1,291.80","1,310.96","1,289.66","","-0.10%"
2019-04-14,1275.01,"1,290.60","1,292.08","1,271.07","","-1.16%"
2019-04-21,1285.85,"1,275.83","1,289.01","1,266.25","","0.85%"
2019-04-28,1278.94,"1,286.55","1,287.38","1,266.18","","-0.54%"
2019-05-05,1285.6,"1,281.19","1,291.73","1,276.85","","0.52%"
2019-05-12,1277.15,"1,286.71","1,303.47","1,274.91","","-0.66%"
2019-05-19,1284.65,"1,277.80","1,287.62","1,269.34","","0.59%"
2019-05-26,1305.25,"1,285.80","1,307.11","1,274.82","","1.60%"
2019-06-02,1340.3,"1,307.40","1,348.45","1,306.62","","2.69%"
2019-06-09,1341.33,"1,335.94","1,358.40","1,319.74","","0.08%"
2019-06-16,1398.65,"1,342.05","1,411.08","1,332.83","","4.27%"
2019-06-23,1409.1,"1,401.35","1,438.99","1,400.21","","0.75%"
2019-06-30,1399.55,"1,392.83","1,436.29","1,381.84","","-0.68%"
2019-07-07,1415.49,"1,400.05","1,426.21","1,386.35","","1.14%"
2019-07-14,1424.91,"1,415.75","1,452.96","1,400.18","","0.67%"
2019-07-21,1418.31,"1,425.15","1,433.84","1,411.08","","-0.46%"
2019-07-28,1440.45,"1,419.49","1,448.23","1,400.65","","1.56%"
2019-08-04,1496.84,"1,440.65","1,510.28","1,437.03","","3.91%"
2019-08-11,1513.75,"1,497.65","1,534.75","1,481.38","","1.13%"
2019-08-18,1526.1,"1,511.15","1,530.11","1,491.85","","0.82%"
2019-08-25,1519.85,"1,539.30","1,555.13","1,517.43","","-0.41%"
2019-09-01,1506.7,"1,520.10","1,557.38","1,502.89","","-0.87%"
2019-09-08,1488.45,"1,507.10","1,523.96","1,484.27","","-1.21%"
2019-09-15,1516.75,"1,503.34","1,517.24","1,484.36","","1.90%"
2019-09-22,1496.56,"1,516.66","1,535.85","1,487.04","","-1.33%"
2019-09-29,1504.35,"1,497.07","1,518.81","1,459.00","","0.52%"
2019-10-06,1489.45,"1,504.76","1,517.08","1,474.28","","-0.99%"
2019-10-13,1489.7,"1,488.90","1,498.17","1,477.06","","0.02%"
2019-10-20,1504.33,"1,492.02","1,518.07","1,480.87","","0.98%"
2019-10-27,1513.55,"1,504.34","1,515.81","1,481.21","","0.61%"
2019-11-03,1458.41,"1,513.80","1,514.97","1,456.28","","-3.64%"
2019-11-10,1467.12,"1,458.96","1,474.62","1,445.61","","0.60%"
2019-11-17,1462.04,"1,467.66","1,479.15","1,456.26","","-0.35%"
2019-11-24,1463.9,"1,462.29","1,466.81","1,450.63","","0.13%"
2019-12-01,1459.51,"1,467.03","1,484.55","1,453.91","","-0.30%"
2019-12-08,1475.56,"1,459.49","1,486.95","1,458.76","","1.10%"
2019-12-15,1477.95,"1,475.60","1,481.97","1,470.32","","0.16%"
2019-12-22,1510.42,"1,478.20","1,515.47","1,477.51","","2.20%"
2019-12-29,1551.4,"1,511.80","1,553.70","1,510.43","","2.71%"
2020-01-05,1562.03,"1,561.15","1,611.15","1,540.18","","0.69%"
2020-01-12,1556.22,"1,562.29","1,562.30","1,536.12","","-0.37%"
2020-01-19,1570.36,"1,558.65","1,576.01","1,546.41","","0.91%"
2020-01-26,1589.81,"1,580.10","1,590.21","1,563.21","","1.24%"
2020-02-02,1569.91,"1,590.20","1,591.84","1,547.40","","-1.25%"
2020-02-09,1584.32,"1,570.29","1,585.05","1,561.80","","0.92%"
2020-02-16,1643.32,"1,584.70","1,649.15","1,578.60","","3.72%"
2020-02-23,1584.74,"1,659.05","1,689.11","1,565.86","","-3.56%"
2020-03-01,1673.85,"1,591.10","1,692.10","1,579.70","","5.62%"
2020-03-08,1529.31,"1,694.40","1,702.96","1,506.86","","-8.64%"
2020-03-15,1497.64,"1,550.55","1,573.49","1,451.50","","-2.07%"
2020-03-22,1617.5,"1,508.15","1,647.28","1,485.10","","8.00%"
2020-03-29,1616.45,"1,622.00","1,639.61","1,565.74","","-0.06%"
2020-04-05,1688.9,"1,597.50","1,697.50","1,597.50","","4.48%"
2020-04-12,1684.19,"1,685.69","1,747.85","1,674.87","","-0.28%"
2020-04-19,1727.43,"1,692.25","1,739.74","1,661.39","","2.57%"
2020-04-26,1699.12,"1,726.15","1,727.93","1,670.06","","-1.64%"
2020-05-03,1700.65,"1,699.00","1,723.91","1,682.28","","0.09%"
2020-05-10,1741,"1,702.65","1,752.13","1,691.59","","2.37%"
2020-05-17,1734.07,"1,743.01","1,765.94","1,717.10","","-0.40%"
2020-05-24,1726.3,"1,734.61","1,737.71","1,693.82","","-0.45%"
2020-05-31,1685.23,"1,738.05","1,745.26","1,670.74","","-2.38%"
2020-06-07,1729.77,"1,684.65","1,744.92","1,677.52","","2.64%"
2020-06-14,1742.84,"1,732.32","1,745.36","1,704.31","","0.76%"
2020-06-21,1770.62,"1,748.78","1,779.61","1,743.27","","1.59%"
2020-06-28,1774.79,"1,773.74","1,789.48","1,757.68","","0.24%"
2020-07-05,1798.31,"1,776.31","1,818.13","1,770.13","","1.33%"
2020-07-12,1808.9,"1,799.01","1,814.79","1,791.46","","0.59%"
2020-07-19,1900.97,"1,809.58","1,906.54","1,805.60","","5.09%"
2020-07-26,1974.69,"1,899.99","1,981.22","1,899.73","","3.88%"
2020-08-02,2034.62,"1,980.98","2,073.41","1,960.40","","3.04%"
2020-08-09,1943.76,"2,034.19","2,050.01","1,864.30","","-4.47%"
2020-08-16,1939.4,"1,947.04","2,015.45","1,911.65","","-0.22%"
2020-08-23,1964.49,"1,939.24","1,976.60","1,902.77","","1.29%"
2020-08-30,1932.45,"1,965.40","1,992.38","1,916.67","","-1.63%"
2020-09-06,1941.5,"1,931.24","1,966.50","1,906.67","","0.47%"
2020-09-13,1949.69,"1,941.05","1,973.63","1,932.99","","0.42%"
2020-09-20,1860.05,"1,949.55","1,955.75","1,848.45","","-4.60%"
2020-09-27,1898.7,"1,859.00","1,917.28","1,849.19","","2.08%"
2020-10-04,1929.43,"1,902.24","1,930.83","1,873.05","","1.62%"
2020-10-11,1898.97,"1,930.50","1,933.45","1,882.44","","-1.58%"
2020-10-18,1900.79,"1,899.94","1,931.41","1,894.54","","0.10%"
2020-10-25,1877.95,"1,902.34","1,911.34","1,859.67","","-1.20%"
2020-11-01,1951.51,"1,878.59","1,960.77","1,873.21","","3.92%"
2020-11-08,1888.04,"1,954.65","1,965.92","1,850.36","","-3.25%"
2020-11-15,1870.49,"1,888.74","1,899.35","1,852.48","","-0.93%"
2020-11-22,1788.13,"1,869.84","1,876.72","1,773.93","","-4.40%"
2020-11-29,1837.61,"1,789.05","1,848.26","1,764.69","","2.77%"
2020-12-06,1839.03,"1,837.99","1,875.79","1,822.99","","0.08%"
2020-12-13,1880.66,"1,839.30","1,896.26","1,819.92","","2.26%"
2020-12-20,1875.82,"1,883.20","1,906.93","1,856.69","","-0.26%"
2020-12-27,1898.1,"1,885.93","1,901.26","1,869.21","","1.19%"
2021-01-03,1848.26,"1,906.05","1,959.60","1,828.74","","-2.63%"
2021-01-10,1826.59,"1,849.34","1,864.08","1,817.14","","-1.17%"
2021-01-17,1852.55,"1,828.94","1,875.45","1,810.46","","1.42%"
2021-01-24,1846.09,"1,855.75","1,876.03","1,831.29","","-0.35%"
2021-01-31,1811.62,"1,863.05","1,871.84","1,785.15","","-1.87%"
2021-02-07,1823.46,"1,815.44","1,855.70","1,807.48","","0.65%"
2021-02-14,1782.31,"1,825.34","1,827.59","1,760.13","","-2.26%"
2021-02-21,1733.49,"1,782.24","1,816.27","1,717.26","","-2.74%"
2021-02-28,1700.86,"1,733.40","1,760.02","1,687.12","","-1.88%"
2021-03-07,1726.41,"1,702.80","1,739.99","1,676.70","","1.50%"
2021-03-14,1744.74,"1,727.74","1,755.59","1,719.05","","1.06%"
2021-03-21,1731.97,"1,745.74","1,747.18","1,721.23","","-0.73%"
2021-03-28,1728.84,"1,732.15","1,733.40","1,677.93","","-0.18%"
2021-04-04,1743.1,"1,728.74","1,759.13","1,721.22","","0.82%"
2021-04-11,1776.31,"1,743.80","1,784.07","1,723.27","","1.91%"
2021-04-18,1777.18,"1,779.50","1,798.29","1,763.18","","0.05%"
2021-04-25,1768.59,"1,776.34","1,790.43","1,756.19","","-0.48%"
2021-05-02,1830.48,"1,768.49","1,843.45","1,765.91","","3.50%"
2021-05-09,1842.19,"1,833.24","1,845.58","1,808.78","","0.64%"
2021-05-16,1880.3,"1,843.84","1,890.18","1,841.24","","2.07%"
2021-05-23,1902.64,"1,882.34","1,913.15","1,872.73","","1.19%"
2021-05-30,1889.97,"1,903.69","1,916.84","1,856.09","","-0.67%"
2021-06-06,1876.64,"1,888.49","1,903.95","1,869.84","","-0.71%"
2021-06-13,1763.34,"1,874.59","1,878.21","1,761.04","","-6.04%"
2021-06-20,1780.34,"1,764.44","1,795.18","1,764.44","","0.96%"
2021-06-27,1786.79,"1,781.24","1,795.40","1,750.11","","0.36%"
2021-07-04,1807.98,"1,787.69","1,818.70","1,784.09","","1.19%"
2021-07-11,1810.89,"1,807.94","1,833.99","1,791.21","","0.16%"
2021-07-18,1801.34,"1,811.65","1,825.27","1,790.45","","-0.53%"
2021-07-25,1813.58,"1,802.65","1,833.05","1,792.60","","0.68%"
2021-08-01,1762.69,"1,814.34","1,832.10","1,758.33","","-2.81%"
2021-08-08,1779.15,"1,763.34","1,780.53","1,684.77","","0.93%"
2021-08-15,1780.87,"1,778.44","1,795.77","1,770.38","","0.10%"
2021-08-22,1816.67,"1,780.55","1,819.38","1,776.03","","2.01%"
2021-08-29,1826.19,"1,817.55","1,834.55","1,801.47","","0.52%"
2021-09-05,1787.34,"1,828.66","1,830.60","1,781.98","","-2.13%"
2021-09-12,1754.16,"1,788.55","1,808.99","1,745.04","","-1.86%"
2021-09-19,1749.86,"1,754.30","1,787.51","1,737.84","","-0.24%"
2021-09-26,1760.36,"1,751.24","1,764.63","1,721.07","","0.60%"
2021-10-03,1756.67,"1,762.15","1,781.60","1,745.45","","-0.21%"
2021-10-10,1767.26,"1,757.34","1,800.91","1,749.68","","0.60%"
2021-10-17,1792.48,"1,767.74","1,814.22","1,759.68","","1.43%"
2021-10-24,1782.81,"1,794.00","1,810.49","1,771.70","","-0.54%"
2021-10-31,1816.73,"1,783.24","1,818.61","1,758.45","","1.90%"
2021-11-07,1864.04,"1,818.44","1,868.73","1,812.08","","2.60%"
2021-11-14,1844.6,"1,868.15","1,877.40","1,842.98","","-1.04%"
2021-11-21,1791.81,"1,846.74","1,849.49","1,778.44","","-2.86%"
2021-11-28,1783.74,"1,790.05","1,809.38","1,761.68","","-0.45%"
2021-12-05,1782.51,"1,784.79","1,793.60","1,769.43","","-0.07%"
2021-12-12,1797.68,"1,782.94","1,814.63","1,753.84","","0.85%"
2021-12-19,1808.11,"1,799.40","1,812.70","1,784.58","","0.58%"
2021-12-26,1828.39,"1,808.19","1,830.58","1,788.94","","1.12%"
2022-01-02,1795.63,"1,830.14","1,832.06","1,782.63","","-1.79%"
2022-01-09,1817.22,"1,795.41","1,829.66","1,790.43","","1.20%"
2022-01-16,1833.24,"1,817.90","1,848.36","1,805.53","","0.88%"
2022-01-23,1791.03,"1,834.49","1,853.98","1,779.88","","-2.30%"
2022-01-30,1807.49,"1,791.19","1,815.44","1,785.03","","0.92%"
2022-02-06,1859.96,"1,806.99","1,865.63","1,806.94","","2.90%"
2022-02-13,1897.87,"1,861.55","1,902.84","1,844.27","","2.04%"
2022-02-20,1887.56,"1,900.40","1,974.48","1,879.05","","-0.54%"
2022-02-27,1968.45,"1,920.86","1,970.80","1,890.59","","4.29%"
2022-03-06,1985.29,"1,977.09","2,070.29","1,958.80","","0.86%"
2022-03-13,1921.09,"1,985.49","1,990.33","1,895.22","","-3.23%"
2022-03-20,1957.4,"1,922.24","1,966.19","1,910.89","","1.89%"
2022-03-27,1924.3,"1,958.75","1,959.36","1,890.03","","-1.69%"
2022-04-03,1945.85,"1,924.94","1,948.46","1,915.24","","1.12%"
2022-04-10,1974.54,"1,947.15","1,981.82","1,940.05","","1.47%"
2022-04-17,1929.73,"1,972.84","1,998.60","1,926.52","","-2.27%"
2022-04-24,1896.4,"1,931.09","1,934.71","1,872.19","","-1.73%"
2022-05-01,1882.96,"1,896.09","1,910.03","1,850.33","","-0.71%"
2022-05-08,1811.15,"1,883.80","1,885.95","1,799.24","","-3.81%"
2022-05-15,1845.68,"1,811.05","1,849.59","1,786.95","","1.91%"
2022-05-22,1852.73,"1,846.53","1,869.99","1,841.14","","0.38%"
2022-05-29,1850.77,"1,852.19","1,874.30","1,828.28","","-0.11%"
2022-06-05,1870.96,"1,850.29","1,876.47","1,825.02","","1.09%"
2022-06-12,1839.35,"1,875.80","1,877.38","1,804.65","","-1.69%"
2022-06-19,1826.18,"1,840.40","1,848.44","1,816.70","","-0.72%"
2022-06-26,1810.18,"1,838.15","1,841.34","1,784.10","","-0.88%"
2022-07-03,1741.82,"1,812.27","1,814.36","1,731.75","","-3.78%"
2022-07-10,1706.78,"1,742.86","1,745.54","1,697.48","","-2.01%"
2022-07-17,1726.46,"1,707.94","1,739.28","1,680.78","","1.15%"
2022-07-24,1765.22,"1,728.15","1,768.17","1,711.46","","2.25%"
2022-07-31,1774.15,"1,765.05","1,795.29","1,754.33","","0.51%"
2022-08-07,1801.76,"1,773.57","1,807.90","1,770.94","","1.56%"
2022-08-14,1747.83,"1,802.05","1,802.53","1,745.19","","-2.99%"
2022-08-21,1736.86,"1,747.05","1,765.93","1,727.51","","-0.63%"
2022-08-28,1711.44,"1,736.19","1,745.63","1,688.35","","-1.46%"
2022-09-04,1716.05,"1,712.99","1,729.94","1,690.90","","0.27%"
2022-09-11,1674.94,"1,717.05","1,735.37","1,653.85","","-2.40%"
2022-09-18,1643.09,"1,675.44","1,688.15","1,639.59","","-1.90%"
2022-09-25,1659.67,"1,645.40","1,675.57","1,614.35","","1.01%"
2022-10-02,1694.52,"1,661.30","1,729.73","1,659.10","","2.10%"
2022-10-09,1641.76,"1,696.80","1,700.33","1,639.90","","-3.11%"
2022-10-16,1656.66,"1,644.09","1,668.69","1,617.21","","0.91%"
2022-10-23,1641.76,"1,658.19","1,675.12","1,637.39","","-0.90%"
2022-10-30,1680.27,"1,643.69","1,682.17","1,616.18","","2.35%"
2022-11-06,1770.69,"1,681.30","1,773.17","1,664.32","","5.38%"
2022-11-13,1749.74,"1,771.42","1,786.68","1,747.04","","-1.18%"
2022-11-20,1756.14,"1,750.82","1,761.58","1,728.25","","0.37%"
2022-11-27,1797.82,"1,755.00","1,804.93","1,738.98","","2.37%"
2022-12-04,1796.63,"1,797.92","1,810.33","1,765.32","","-0.07%"
2022-12-11,1792.34,"1,797.35","1,824.87","1,772.00","","-0.24%"
2022-12-18,1797.91,"1,793.13","1,824.39","1,783.48","","0.31%"
2022-12-25,1824.4,"1,798.57","1,833.39","1,796.16","","1.47%"
2023-01-01,1865.71,"1,823.85","1,870.37","1,823.85","","2.26%"
2023-01-08,1920.21,"1,865.45","1,922.24","1,864.59","","2.92%"
2023-01-15,1926.57,"1,920.39","1,937.72","1,896.56","","0.33%"
2023-01-22,1927.34,"1,926.20","1,949.27","1,911.44","","0.04%"
2023-01-29,1865.53,"1,928.40","1,959.77","1,861.41","","-3.21%"
2023-02-05,1864.67,"1,865.17","1,890.69","1,852.69","","-0.05%"
2023-02-12,1841.59,"1,865.69","1,871.03","1,818.34","","-1.24%"
2023-02-19,1810.81,"1,842.73","1,847.86","1,808.91","","-1.67%"
2023-02-26,1854.97,"1,812.01","1,856.47","1,804.65","","2.44%"
2023-03-05,1867.83,"1,855.35","1,870.28","1,809.40","","0.69%"
2023-03-12,1987.93,"1,869.01","1,989.80","1,869.01","","6.43%"
2023-03-19,1977.22,"1,987.59","2,010.19","1,934.33","","-0.54%"
2023-03-26,1967.9,"1,977.66","1,987.84","1,943.68","","-0.47%"
2023-04-02,2008.02,"1,970.84","2,032.20","1,949.82","","2.04%"
2023-04-09,2003.04,"2,008.30","2,048.84","1,981.59","","-0.25%"
2023-04-16,1982.89,"2,001.85","2,015.13","1,969.28","","-1.01%"
2023-04-23,1989.65,"1,981.34","2,009.51","1,973.74","","0.34%"
2023-04-30,2016.54,"1,991.34","2,073.29","1,977.05","","1.35%"
2023-05-07,2011.15,"2,015.95","2,048.22","2,001.05","","-0.27%"
2023-05-14,1976.56,"2,011.72","2,022.20","1,951.97","","-1.72%"
2023-05-21,1946.33,"1,977.80","1,985.30","1,936.84","","-1.53%"
2023-05-28,1947.63,"1,944.09","1,983.52","1,932.08","","0.07%"
2023-06-04,1960.6,"1,947.59","1,973.09","1,938.14","","0.67%"
2023-06-11,1957.36,"1,960.25","1,970.74","1,925.30","","-0.17%"
2023-06-18,1921.36,"1,957.99","1,958.93","1,910.24","","-1.84%"
2023-06-25,1919.57,"1,924.30","1,933.48","1,893.01","","-0.09%"
2023-07-02,1924.28,"1,919.40","1,935.17","1,902.68","","0.25%"
2023-07-09,1954.93,"1,925.19","1,963.84","1,912.68","","1.59%"
2023-07-16,1960.23,"1,954.90","1,987.59","1,945.82","","0.27%"
2023-07-23,1959.2,"1,962.09","1,982.24","1,942.61","","-0.05%"
2023-07-30,1941.62,"1,959.49","1,972.44","1,929.40","","-0.90%"
2023-08-06,1913.32,"1,942.59","1,946.81","1,910.94","","-1.46%"
2023-08-13,1888.19,"1,913.67","1,916.55","1,884.50","","-1.31%"
2023-08-20,1914.53,"1,889.40","1,923.94","1,884.50","","1.39%"
2023-08-27,1938.8,"1,916.09","1,953.44","1,912.83","","1.27%"
2023-09-03,1917.81,"1,940.49","1,946.42","1,914.80","","-1.08%"
2023-09-10,1923.57,"1,919.16","1,930.94","1,900.95","","0.30%"
2023-09-17,1924.99,"1,924.19","1,947.80","1,913.40","","0.07%"
2023-09-24,1848.31,"1,925.24","1,927.26","1,846.34","","-3.98%"
2023-10-01,1832.26,"1,848.13","1,849.06","1,810.10","","-0.87%"
2023-10-08,1931.7,"1,832.74","1,933.76","1,832.63","","5.43%"
2023-10-15,1981.04,"1,929.30","1,997.27","1,907.65","","2.55%"
2023-10-22,2005.78,"1,972.90","2,009.48","1,953.50","","1.25%"
2023-10-29,1992.27,"2,004.80","2,007.82","1,969.90","","-0.67%"
2023-11-05,1936.79,"1,992.30","1,993.30","1,933.18","","-2.78%"
2023-11-12,1980.01,"1,937.05","1,993.94","1,931.73","","2.23%"
2023-11-19,2001.97,"1,980.39","2,007.52","1,965.20","","1.11%"
2023-11-26,2070.9,"2,002.78","2,075.34","2,000.67","","3.44%"
2023-12-03,2003.39,"2,071.25","2,135.90","1,994.74","","-3.26%"
2023-12-10,2018.19,"2,003.60","2,047.98","1,973.09","","0.74%"
2023-12-17,2052.98,"2,020.09","2,070.65","2,015.99","","1.72%"
2023-12-24,2062.59,"2,055.73","2,088.54","2,053.59","","0.47%"
2023-12-31,2045.5,"2,062.90","2,079.02","2,024.49","","-0.83%"
2024-01-07,2048.72,"2,044.08","2,062.35","2,013.32","","0.16%"
2024-01-14,2029.09,"2,048.09","2,059.25","2,001.91","","-0.96%"
2024-01-21,2018.34,"2,029.90","2,037.92","2,010.15","","-0.53%"
2024-01-28,2038.59,"2,019.40","2,065.42","2,017.38","","1.00%"
2024-02-04,2024.16,"2,039.91","2,044.65","2,014.40","","-0.71%"
2024-02-11,2013.1,"2,024.53","2,030.05","1,984.30","","-0.55%"
2024-02-18,2035.72,"2,013.16","2,041.43","2,011.57","","1.12%"
2024-02-25,2083.39,"2,034.49","2,088.40","2,024.56","","2.34%"
2024-03-03,2177.51,"2,082.09","2,195.20","2,079.45","","4.52%"
2024-03-10,2155.54,"2,177.71","2,189.04","2,150.59","","-1.01%"
2024-03-17,2164.15,"2,156.00","2,222.90","2,146.05","","0.40%"
2024-03-24,2232.38,"2,165.79","2,235.90","2,163.50","","3.15%"
2024-03-31,2329.5,"2,239.59","2,330.34","2,228.54","","4.35%"
2024-04-07,2343.43,"2,322.00","2,431.53","2,302.86","","0.60%"
2024-04-14,2390.45,"2,343.86","2,417.79","2,324.59","","2.01%"
2024-04-21,2337.72,"2,388.20","2,388.72","2,291.40","","-2.21%"
2024-04-28,2301.56,"2,337.50","2,346.85","2,277.47","","-1.55%"
2024-05-05,2360.14,"2,302.50","2,378.45","2,291.79","","2.55%"
2024-05-12,2414.89,"2,362.70","2,422.87","2,332.34","","2.32%"
2024-05-19,2333.76,"2,415.02","2,450.13","2,325.40","","-3.36%"
2024-05-26,2326.97,"2,334.50","2,364.12","2,321.64","","-0.29%"
2024-06-02,2292.71,"2,329.61","2,387.85","2,286.77","","-1.47%"
2024-06-09,2332.52,"2,296.00","2,341.70","2,287.31","","1.74%"
2024-06-16,2320.34,"2,332.20","2,368.85","2,306.63","","-0.52%"
2024-06-23,2325.71,"2,321.60","2,339.79","2,293.70","","0.23%"
2024-06-30,2391.46,"2,326.46","2,393.04","2,318.55","","2.83%"
2024-07-07,2411.27,"2,391.77","2,424.62","2,349.59","","0.83%"
2024-07-14,2400.79,"2,409.50","2,483.78","2,393.92","","-0.43%"
2024-07-21,2385.57,"2,400.41","2,432.05","2,353.19","","-0.63%"
2024-07-28,2443.29,"2,387.20","2,477.72","2,369.77","","2.42%"
2024-08-04,2430.93,"2,443.27","2,458.80","2,364.40","","-0.51%"
2024-08-11,2507.28,"2,431.21","2,509.89","2,423.84","","3.14%"
2024-08-18,2512.07,"2,508.40","2,532.05","2,470.86","","0.19%"
2024-08-25,2503.03,"2,511.43","2,529.15","2,493.66","","-0.36%"
2024-09-01,2497.03,"2,502.74","2,529.30","2,471.95","","-0.24%"
2024-09-08,2576.5,"2,497.32","2,586.18","2,485.60","","3.18%"
2024-09-15,2621.96,"2,578.06","2,625.79","2,546.98","","1.76%"
2024-09-22,2657.97,"2,621.81","2,685.96","2,613.60","","1.37%"
2024-09-29,2652.25,"2,658.30","2,673.20","2,624.78","","-0.22%"
2024-10-06,2656,"2,651.20","2,661.55","2,604.15","","0.14%"
2024-10-13,2720.25,"2,657.21","2,722.87","2,638.31","","2.42%"
2024-10-20,2747.69,"2,721.71","2,758.53","2,708.79","","1.01%"
2024-10-27,2735.16,"2,734.84","2,790.41","2,724.72","","-0.46%"
2024-11-03,2683.77,"2,734.10","2,750.06","2,643.50","","-1.88%"
2024-11-10,2561.24,"2,684.81","2,686.51","2,536.91","","-4.57%"
2024-11-17,2712.55,"2,561.59","2,712.91","2,561.59","","5.91%"
2024-11-24,2653.55,"2,715.10","2,721.43","2,605.29","","-2.18%"
2024-12-01,2632.91,"2,653.82","2,657.36","2,613.57","121.32K","-0.78%"
2024-12-08,2648.39,"2,635.52","2,726.31","2,627.47","","0.59%"
2024-12-15,2620.77,"2,649.10","2,664.83","2,583.49","","-1.04%"
2024-12-22,2620,"2,622.24","2,639.40","2,607.97","","-0.03%"
2024-12-29,2639.12,"2,620.30","2,665.47","2,595.90","","0.73%"
